time,vis,temp,dewpt,winddir,windspeed,press_sealevel,cloudlevels,lcl_alt,lcl_cov,ucl_alt,ucl_cov
2015-12-01 00:20,10000.0,11.0,8.0,230.0,19.0,1017.0,3,2600.0,FEW,14000.0,BKN
2015-12-01 00:50,10000.0,11.0,8.0,230.0,19.0,1017.0,2,2800.0,SCT,14000.0,BKN
2015-12-01 01:20,10000.0,11.0,8.0,230.0,16.0,1018.0,2,2800.0,SCT,13000.0,BKN
2015-12-01 01:50,10000.0,12.0,8.0,230.0,16.0,1018.0,2,2200.0,BKN,13000.0,BKN
2015-12-01 02:20,10000.0,12.0,8.0,220.0,14.0,1019.0,3,2200.0,FEW,12000.0,BKN
2015-12-01 02:50,10000.0,11.0,8.0,210.0,11.0,1019.0,3,2200.0,FEW,11000.0,BKN
2015-12-01 03:20,10000.0,11.0,8.0,210.0,13.0,1019.0,3,2200.0,FEW,11000.0,BKN
2015-12-01 03:50,10000.0,11.0,8.0,210.0,15.0,1019.0,2,2200.0,FEW,2900.0,BKN
2015-12-01 04:20,10000.0,11.0,8.0,220.0,15.0,1020.0,2,1800.0,SCT,2400.0,BKN
2015-12-01 04:50,10000.0,11.0,8.0,220.0,16.0,1020.0,2,2000.0,SCT,2600.0,BKN
2015-12-01 05:20,10000.0,11.0,8.0,220.0,17.0,1020.0,2,2000.0,FEW,2400.0,BKN
2015-12-01 05:50,10000.0,11.0,8.0,220.0,15.0,1021.0,1,2300.0,BKN,,
2015-12-01 06:20,10000.0,11.0,8.0,210.0,10.0,1021.0,2,1900.0,FEW,2300.0,BKN
2015-12-01 06:50,10000.0,11.0,8.0,210.0,9.0,1022.0,2,1900.0,FEW,2200.0,BKN
2015-12-01 07:20,10000.0,11.0,8.0,210.0,9.0,1022.0,1,1800.0,BKN,,
2015-12-01 07:50,10000.0,11.0,8.0,210.0,8.0,1023.0,2,1100.0,FEW,1600.0,BKN
2015-12-01 08:20,10000.0,11.0,8.0,220.0,10.0,1023.0,2,1100.0,FEW,1600.0,OVC
2015-12-01 08:50,10000.0,11.0,9.0,220.0,11.0,1023.0,2,1000.0,FEW,1400.0,BKN
2015-12-01 09:20,10000.0,11.0,9.0,230.0,9.0,1023.0,2,1200.0,FEW,1600.0,OVC
2015-12-01 09:50,10000.0,12.0,9.0,230.0,10.0,1023.0,2,1400.0,FEW,1800.0,OVC
2015-12-01 10:20,10000.0,12.0,9.0,230.0,12.0,1024.0,2,1100.0,FEW,1800.0,OVC
2015-12-01 10:50,10000.0,12.0,9.0,230.0,14.0,1024.0,2,1100.0,FEW,1900.0,OVC
2015-12-01 11:20,10000.0,12.0,9.0,230.0,13.0,1024.0,2,1100.0,FEW,1900.0,BKN
2015-12-01 11:50,10000.0,12.0,9.0,220.0,14.0,1024.0,2,1700.0,FEW,2100.0,BKN
2015-12-01 12:20,10000.0,12.0,9.0,220.0,15.0,1024.0,2,1200.0,FEW,2200.0,BKN
2015-12-01 12:50,10000.0,13.0,9.0,220.0,15.0,1024.0,2,1300.0,FEW,2300.0,BKN
2015-12-01 13:20,10000.0,13.0,9.0,220.0,16.0,1024.0,3,1400.0,FEW,5000.0,BKN
2015-12-01 13:50,10000.0,12.0,9.0,220.0,14.0,1025.0,3,1400.0,FEW,5000.0,BKN
2015-12-01 14:20,10000.0,13.0,9.0,230.0,14.0,1025.0,3,1200.0,FEW,5000.0,BKN
2015-12-01 14:50,10000.0,13.0,9.0,230.0,15.0,1025.0,3,1200.0,FEW,2400.0,BKN
2015-12-01 15:20,10000.0,13.0,9.0,230.0,13.0,1025.0,3,1400.0,FEW,2400.0,BKN
2015-12-01 15:50,10000.0,13.0,9.0,230.0,15.0,1025.0,3,1400.0,FEW,5000.0,BKN
2015-12-01 16:20,10000.0,13.0,9.0,240.0,14.0,1026.0,3,1400.0,FEW,11000.0,BKN
2015-12-01 16:50,10000.0,12.0,9.0,220.0,11.0,1026.0,3,1400.0,FEW,11000.0,BKN
2015-12-01 17:20,10000.0,12.0,9.0,230.0,15.0,1026.0,3,1400.0,FEW,10000.0,BKN
2015-12-01 17:50,10000.0,13.0,9.0,250.0,15.0,1026.0,3,1400.0,FEW,11000.0,BKN
2015-12-01 18:20,10000.0,12.0,9.0,230.0,10.0,1026.0,3,1500.0,FEW,12000.0,BKN
2015-12-01 18:50,10000.0,12.0,9.0,210.0,10.0,1026.0,3,1500.0,FEW,11000.0,BKN
2015-12-01 19:20,10000.0,12.0,9.0,190.0,8.0,1027.0,2,1500.0,FEW,2000.0,BKN
2015-12-01 19:50,10000.0,12.0,9.0,190.0,9.0,1027.0,1,2000.0,BKN,,
2015-12-01 20:20,10000.0,12.0,9.0,190.0,10.0,1027.0,1,2000.0,BKN,,
2015-12-01 20:50,10000.0,12.0,9.0,200.0,11.0,1027.0,1,2100.0,BKN,,
2015-12-01 21:20,10000.0,12.0,9.0,210.0,13.0,1027.0,1,2200.0,BKN,,
2015-12-01 21:50,10000.0,12.0,9.0,210.0,12.0,1027.0,1,2200.0,BKN,,
2015-12-01 22:20,10000.0,12.0,9.0,200.0,10.0,1028.0,1,2200.0,BKN,,
2015-12-01 22:50,10000.0,12.0,9.0,200.0,9.0,1028.0,1,2100.0,BKN,,
2015-12-01 23:20,10000.0,12.0,9.0,200.0,8.0,1028.0,2,2100.0,BKN,4600.0,BKN
2015-12-01 23:50,10000.0,12.0,9.0,200.0,10.0,1028.0,1,2100.0,BKN,,
2015-12-02 00:20,10000.0,12.0,9.0,210.0,10.0,1028.0,2,2100.0,BKN,4500.0,BKN
2015-12-02 00:50,10000.0,12.0,9.0,220.0,10.0,1028.0,2,2100.0,FEW,4500.0,BKN
2015-12-02 01:20,10000.0,11.0,9.0,230.0,12.0,1028.0,2,1400.0,FEW,4500.0,BKN
2015-12-02 01:50,10000.0,11.0,9.0,230.0,10.0,1028.0,2,1400.0,FEW,4100.0,BKN
2015-12-02 02:20,10000.0,11.0,8.0,230.0,9.0,1028.0,2,1500.0,FEW,4400.0,BKN
2015-12-02 02:50,10000.0,11.0,9.0,230.0,8.0,1028.0,1,4100.0,OVC,,
2015-12-02 03:20,10000.0,11.0,9.0,220.0,6.0,1028.0,1,4000.0,OVC,,
2015-12-02 03:50,10000.0,11.0,9.0,220.0,5.0,1028.0,2,2000.0,FEW,4100.0,BKN
2015-12-02 04:20,10000.0,10.0,9.0,210.0,5.0,1028.0,2,1700.0,FEW,3900.0,BKN
2015-12-02 04:50,10000.0,10.0,9.0,210.0,6.0,1028.0,2,1700.0,FEW,3600.0,BKN
2015-12-02 05:20,10000.0,10.0,9.0,210.0,5.0,1028.0,2,1700.0,FEW,3500.0,BKN
2015-12-02 05:50,10000.0,10.0,9.0,180.0,6.0,1028.0,2,1700.0,FEW,3800.0,BKN
2015-12-02 06:20,10000.0,10.0,9.0,190.0,5.0,1028.0,1,3900.0,BKN,,
2015-12-02 06:50,10000.0,10.0,8.0,210.0,4.0,1028.0,2,1100.0,FEW,4000.0,BKN
2015-12-02 07:20,10000.0,10.0,8.0,190.0,4.0,1029.0,2,1700.0,FEW,3700.0,BKN
2015-12-02 07:50,10000.0,10.0,8.0,210.0,5.0,1028.0,2,2000.0,FEW,3700.0,BKN
2015-12-02 08:20,10000.0,10.0,7.0,220.0,5.0,1029.0,2,2300.0,FEW,3700.0,BKN
2015-12-02 08:50,10000.0,10.0,7.0,210.0,5.0,1029.0,2,2500.0,FEW,3900.0,OVC
2015-12-02 09:20,10000.0,11.0,7.0,220.0,6.0,1029.0,2,2500.0,FEW,3900.0,OVC
2015-12-02 09:50,10000.0,11.0,8.0,190.0,4.0,1029.0,2,2500.0,FEW,3900.0,OVC
2015-12-02 10:20,10000.0,11.0,8.0,210.0,6.0,1029.0,2,2500.0,FEW,3900.0,OVC
2015-12-02 10:50,10000.0,11.0,8.0,210.0,6.0,1029.0,2,2500.0,FEW,3800.0,OVC
2015-12-02 11:20,10000.0,11.0,7.0,220.0,6.0,1029.0,2,2500.0,FEW,4000.0,OVC
2015-12-02 11:50,10000.0,11.0,7.0,230.0,6.0,1029.0,2,1600.0,FEW,4000.0,OVC
2015-12-02 12:20,10000.0,11.0,7.0,220.0,7.0,1029.0,2,1600.0,FEW,4000.0,OVC
2015-12-02 12:50,10000.0,11.0,7.0,210.0,6.0,1029.0,2,1800.0,FEW,3900.0,OVC
2015-12-02 13:20,10000.0,11.0,6.0,210.0,6.0,1029.0,2,1800.0,FEW,3900.0,OVC
2015-12-02 13:50,10000.0,11.0,6.0,220.0,6.0,1029.0,2,2200.0,FEW,3600.0,OVC
2015-12-02 14:20,10000.0,11.0,5.0,230.0,5.0,1029.0,2,2200.0,FEW,3600.0,OVC
2015-12-02 14:50,10000.0,11.0,5.0,230.0,6.0,1029.0,2,2200.0,FEW,3700.0,BKN
2015-12-02 15:20,10000.0,10.0,5.0,220.0,5.0,1029.0,2,2200.0,FEW,3900.0,BKN
2015-12-02 15:50,10000.0,10.0,5.0,230.0,5.0,1029.0,1,3900.0,OVC,,
2015-12-02 16:20,10000.0,10.0,5.0,220.0,5.0,1029.0,1,3900.0,OVC,,
2015-12-02 16:50,10000.0,10.0,4.0,260.0,8.0,1029.0,1,3900.0,OVC,,
2015-12-02 17:20,10000.0,10.0,4.0,240.0,5.0,1029.0,1,3900.0,OVC,,
2015-12-02 17:50,10000.0,10.0,4.0,230.0,3.0,1029.0,1,3900.0,OVC,,
2015-12-02 18:20,10000.0,10.0,4.0,210.0,3.0,1029.0,1,3800.0,OVC,,
2015-12-02 18:50,10000.0,10.0,4.0,230.0,5.0,1030.0,1,3800.0,OVC,,
2015-12-02 19:20,10000.0,9.0,4.0,240.0,3.0,1030.0,1,3700.0,OVC,,
2015-12-02 19:50,10000.0,9.0,4.0,250.0,3.0,1030.0,1,3700.0,OVC,,
2015-12-02 20:20,10000.0,9.0,4.0,230.0,3.0,1030.0,1,3700.0,OVC,,
2015-12-02 20:50,10000.0,8.0,4.0,210.0,3.0,1030.0,1,3700.0,OVC,,
2015-12-02 21:20,10000.0,8.0,4.0,190.0,4.0,1030.0,1,3600.0,OVC,,
2015-12-02 21:50,10000.0,8.0,4.0,210.0,3.0,1030.0,1,3500.0,OVC,,
2015-12-02 22:20,10000.0,8.0,4.0,210.0,3.0,1030.0,1,3500.0,OVC,,
2015-12-02 22:50,10000.0,8.0,4.0,210.0,3.0,1030.0,1,3600.0,BKN,,
2015-12-02 23:20,10000.0,8.0,3.0,,2.0,1030.0,1,3600.0,BKN,,
2015-12-02 23:50,10000.0,8.0,4.0,,2.0,1030.0,1,3600.0,BKN,,
2015-12-03 00:20,10000.0,8.0,3.0,230.0,3.0,1030.0,1,3600.0,BKN,,
2015-12-03 00:50,10000.0,9.0,3.0,240.0,4.0,1030.0,1,3600.0,BKN,,
2015-12-03 01:20,10000.0,9.0,2.0,250.0,6.0,1030.0,1,3600.0,BKN,,
2015-12-03 01:50,10000.0,9.0,3.0,220.0,4.0,1030.0,1,3600.0,BKN,,
2015-12-03 02:20,10000.0,9.0,3.0,230.0,5.0,1030.0,1,3600.0,BKN,,
2015-12-03 02:50,10000.0,9.0,2.0,240.0,4.0,1030.0,1,3600.0,BKN,,
2015-12-03 03:20,10000.0,9.0,2.0,240.0,5.0,1030.0,1,3600.0,BKN,,
2015-12-03 03:50,10000.0,9.0,2.0,240.0,5.0,1030.0,1,3600.0,BKN,,
2015-12-03 04:20,10000.0,9.0,2.0,260.0,5.0,1030.0,1,3600.0,BKN,,
2015-12-03 04:50,10000.0,8.0,2.0,250.0,4.0,1030.0,1,3700.0,BKN,,
2015-12-03 05:20,10000.0,7.0,3.0,190.0,3.0,1030.0,1,3700.0,BKN,,
2015-12-03 05:50,10000.0,7.0,4.0,180.0,3.0,1030.0,1,3700.0,BKN,,
2015-12-03 06:20,10000.0,7.0,4.0,180.0,3.0,1030.0,1,3700.0,BKN,,
2015-12-03 06:50,10000.0,7.0,4.0,180.0,3.0,1030.0,1,3700.0,BKN,,
2015-12-03 07:20,10000.0,7.0,4.0,180.0,3.0,1031.0,1,3700.0,BKN,,
2015-12-03 07:50,10000.0,7.0,4.0,190.0,3.0,1031.0,1,3700.0,BKN,,
2015-12-03 08:20,10000.0,8.0,4.0,170.0,4.0,1031.0,1,3700.0,BKN,,
2015-12-03 08:50,10000.0,8.0,5.0,170.0,4.0,1031.0,1,3600.0,BKN,,
2015-12-03 09:20,10000.0,8.0,4.0,170.0,4.0,1031.0,1,3600.0,BKN,,
2015-12-03 09:50,10000.0,8.0,5.0,180.0,4.0,1031.0,1,3600.0,BKN,,
2015-12-03 10:20,10000.0,9.0,5.0,180.0,5.0,1031.0,1,3600.0,BKN,,
2015-12-03 10:50,10000.0,9.0,5.0,160.0,7.0,1030.0,1,3700.0,BKN,,
2015-12-03 11:20,10000.0,9.0,5.0,160.0,5.0,1030.0,1,3700.0,BKN,,
2015-12-03 11:50,10000.0,9.0,5.0,160.0,4.0,1030.0,2,2800.0,FEW,3500.0,BKN
2015-12-03 12:20,10000.0,9.0,5.0,150.0,6.0,1030.0,2,2800.0,FEW,3500.0,BKN
2015-12-03 12:50,10000.0,9.0,5.0,160.0,4.0,1029.0,1,3500.0,BKN,,
2015-12-03 13:20,10000.0,9.0,5.0,150.0,4.0,1029.0,2,2800.0,FEW,3500.0,BKN
2015-12-03 13:50,10000.0,9.0,5.0,180.0,3.0,1029.0,2,2800.0,FEW,3400.0,BKN
2015-12-03 14:20,10000.0,9.0,5.0,150.0,4.0,1029.0,2,3000.0,FEW,3300.0,BKN
2015-12-03 14:50,10000.0,9.0,5.0,150.0,4.0,1029.0,1,3300.0,BKN,,
2015-12-03 15:20,10000.0,9.0,5.0,180.0,2.0,1029.0,1,2900.0,BKN,,
2015-12-03 15:50,10000.0,9.0,5.0,150.0,3.0,1028.0,1,2900.0,BKN,,
2015-12-03 16:20,10000.0,8.0,5.0,140.0,3.0,1028.0,1,2800.0,BKN,,
2015-12-03 16:50,10000.0,8.0,4.0,150.0,3.0,1028.0,2,2700.0,BKN,25000.0,BKN
2015-12-03 17:20,10000.0,7.0,4.0,140.0,5.0,1028.0,2,2700.0,FEW,25000.0,BKN
2015-12-03 17:50,10000.0,6.0,4.0,150.0,4.0,1028.0,,,,,
2015-12-03 18:20,10000.0,6.0,3.0,150.0,5.0,1028.0,,,,,
2015-12-03 18:50,10000.0,5.0,3.0,160.0,4.0,1028.0,,,,,
2015-12-03 19:20,10000.0,4.0,3.0,150.0,5.0,1027.0,,,,,
2015-12-03 19:50,10000.0,4.0,2.0,170.0,3.0,1027.0,,,,,
2015-12-03 20:20,10000.0,4.0,2.0,,1.0,1027.0,,,,,
2015-12-03 20:50,10000.0,3.0,2.0,150.0,3.0,1027.0,,,,,
2015-12-03 21:20,10000.0,3.0,2.0,,1.0,1026.0,,,,,
2015-12-03 21:50,10000.0,2.0,2.0,,1.0,1026.0,,,,,
2015-12-03 22:20,10000.0,2.0,1.0,,2.0,1026.0,,,,,
2015-12-03 22:50,10000.0,4.0,3.0,190.0,7.0,1026.0,,,,,
2015-12-03 23:20,10000.0,4.0,2.0,190.0,5.0,1026.0,,,,,
2015-12-03 23:50,10000.0,4.0,2.0,200.0,6.0,1026.0,,,,,
2015-12-04 00:20,10000.0,3.0,2.0,190.0,7.0,1025.0,,,,,
2015-12-04 00:50,10000.0,3.0,2.0,190.0,10.0,1025.0,2,500.0,SCT,25000.0,BKN
2015-12-04 01:20,6000.0,3.0,3.0,200.0,8.0,1026.0,1,400.0,BKN,,
2015-12-04 01:50,6000.0,4.0,3.0,200.0,8.0,1026.0,1,300.0,BKN,,
2015-12-04 02:20,6000.0,4.0,3.0,190.0,7.0,1026.0,1,300.0,OVC,,
2015-12-04 02:50,6000.0,4.0,3.0,180.0,9.0,1026.0,1,300.0,OVC,,
2015-12-04 03:20,6000.0,4.0,3.0,190.0,9.0,1026.0,1,300.0,OVC,,
2015-12-04 03:50,5000.0,4.0,3.0,180.0,10.0,1026.0,1,400.0,OVC,,
2015-12-04 04:20,8000.0,4.0,2.0,190.0,8.0,1026.0,1,600.0,BKN,,
2015-12-04 04:50,10000.0,4.0,2.0,190.0,10.0,1026.0,2,700.0,SCT,23000.0,BKN
2015-12-04 05:20,10000.0,4.0,2.0,180.0,9.0,1026.0,2,700.0,FEW,21000.0,BKN
2015-12-04 05:50,10000.0,4.0,2.0,190.0,10.0,1026.0,2,700.0,FEW,20000.0,OVC
2015-12-04 06:20,10000.0,4.0,2.0,190.0,11.0,1026.0,,,,,
2015-12-04 06:50,10000.0,4.0,2.0,190.0,10.0,1026.0,2,3300.0,BKN,5500.0,BKN
2015-12-04 07:20,10000.0,4.0,2.0,200.0,9.0,1026.0,2,3100.0,BKN,4700.0,BKN
2015-12-04 07:50,10000.0,5.0,3.0,200.0,8.0,1027.0,2,1700.0,FEW,2000.0,OVC
2015-12-04 08:20,10000.0,5.0,3.0,190.0,8.0,1027.0,2,1400.0,FEW,1900.0,BKN
2015-12-04 08:50,10000.0,5.0,4.0,180.0,9.0,1028.0,3,1300.0,FEW,6000.0,OVC
2015-12-04 09:20,10000.0,5.0,4.0,190.0,7.0,1028.0,3,1300.0,FEW,6000.0,OVC
2015-12-04 09:50,10000.0,6.0,5.0,180.0,8.0,1029.0,3,1200.0,FEW,5000.0,OVC
2015-12-04 10:20,10000.0,6.0,5.0,180.0,8.0,1029.0,2,700.0,FEW,1400.0,BKN
2015-12-04 10:50,5000.0,6.0,5.0,180.0,9.0,1029.0,2,700.0,FEW,1300.0,BKN
2015-12-04 11:20,9000.0,7.0,6.0,190.0,8.0,1029.0,2,700.0,FEW,1300.0,BKN
2015-12-04 11:50,10000.0,7.0,6.0,190.0,10.0,1029.0,2,700.0,FEW,1500.0,BKN
2015-12-04 12:20,10000.0,8.0,7.0,200.0,8.0,1029.0,2,700.0,FEW,1400.0,BKN
2015-12-04 12:50,10000.0,8.0,7.0,200.0,8.0,1030.0,2,1100.0,FEW,1400.0,BKN
2015-12-04 13:20,10000.0,8.0,7.0,200.0,6.0,1030.0,2,600.0,FEW,1400.0,BKN
2015-12-04 13:50,10000.0,8.0,7.0,180.0,7.0,1030.0,3,600.0,FEW,2700.0,BKN
2015-12-04 14:20,10000.0,8.0,7.0,200.0,9.0,1031.0,3,1100.0,FEW,4200.0,BKN
2015-12-04 14:50,10000.0,8.0,7.0,190.0,7.0,1031.0,2,1300.0,FEW,2300.0,SCT
2015-12-04 15:20,10000.0,8.0,7.0,190.0,5.0,1032.0,2,1500.0,FEW,2300.0,SCT
2015-12-04 15:50,9000.0,8.0,7.0,200.0,3.0,1032.0,2,1000.0,FEW,2000.0,BKN
2015-12-04 16:20,9000.0,7.0,6.0,180.0,5.0,1032.0,1,1100.0,FEW,,
2015-12-04 16:50,9000.0,6.0,5.0,160.0,4.0,1033.0,1,1100.0,FEW,,
2015-12-04 17:20,6000.0,6.0,5.0,170.0,4.0,1033.0,1,100.0,FEW,,
2015-12-04 17:50,6000.0,5.0,5.0,200.0,4.0,1033.0,1,1100.0,FEW,,
2015-12-04 18:20,3000.0,4.0,4.0,190.0,2.0,1033.0,,,,,
2015-12-04 18:50,5000.0,4.0,3.0,250.0,3.0,1034.0,1,100.0,FEW,,
2015-12-04 19:20,4000.0,3.0,3.0,230.0,3.0,1034.0,1,100.0,FEW,,
2015-12-04 19:50,3500.0,3.0,2.0,,2.0,1034.0,1,100.0,FEW,,
2015-12-04 20:20,2000.0,4.0,3.0,200.0,4.0,1034.0,1,100.0,FEW,,
2015-12-04 20:50,350.0,3.0,3.0,230.0,4.0,1034.0,1,100.0,FEW,,
2015-12-04 21:20,450.0,3.0,3.0,210.0,3.0,1034.0,1,100.0,FEW,,
2015-12-04 21:50,4800.0,3.0,2.0,210.0,4.0,1034.0,1,100.0,FEW,,
2015-12-04 22:20,2800.0,3.0,2.0,270.0,4.0,1034.0,1,100.0,FEW,,
2015-12-04 22:50,1200.0,2.0,2.0,210.0,5.0,1034.0,1,100.0,FEW,,
2015-12-04 23:20,900.0,1.0,1.0,220.0,3.0,1034.0,1,100.0,FEW,,
2015-12-04 23:50,800.0,1.0,0.0,280.0,2.0,1034.0,1,100.0,FEW,,
2015-12-05 00:20,900.0,0.0,-0.0,270.0,2.0,1034.0,1,100.0,FEW,,
2015-12-05 00:50,1400.0,-0.0,-0.0,290.0,3.0,1034.0,1,100.0,FEW,,
2015-12-05 01:20,400.0,-0.0,-0.0,230.0,3.0,1034.0,1,100.0,FEW,,
2015-12-05 01:50,350.0,0.0,0.0,180.0,3.0,1033.0,1,100.0,FEW,,
2015-12-05 02:20,300.0,0.0,0.0,,2.0,1033.0,1,100.0,FEW,,
2015-12-05 02:50,300.0,1.0,1.0,300.0,4.0,1034.0,,,,,
2015-12-05 03:20,300.0,1.0,0.0,180.0,2.0,1033.0,,,,,
2015-12-05 03:50,300.0,-0.0,-0.0,,2.0,1032.0,,,,,
2015-12-05 04:20,300.0,0.0,0.0,220.0,5.0,1032.0,,,,,
2015-12-05 04:50,400.0,1.0,1.0,230.0,3.0,1032.0,,,,,
2015-12-05 05:20,1300.0,2.0,2.0,280.0,7.0,1033.0,1,100.0,OVC,,
2015-12-05 05:50,4100.0,2.0,2.0,270.0,3.0,1033.0,3,100.0,FEW,1400.0,BKN
2015-12-05 06:20,3700.0,2.0,2.0,200.0,3.0,1033.0,3,100.0,FEW,1300.0,BKN
2015-12-05 06:50,3600.0,1.0,1.0,170.0,3.0,1033.0,3,100.0,FEW,1800.0,BKN
2015-12-05 07:20,3800.0,2.0,2.0,150.0,5.0,1033.0,2,200.0,FEW,2000.0,BKN
2015-12-05 07:50,4200.0,2.0,2.0,180.0,4.0,1033.0,2,100.0,FEW,2000.0,BKN
2015-12-05 08:20,5000.0,2.0,2.0,180.0,7.0,1033.0,2,100.0,FEW,2100.0,BKN
2015-12-05 08:50,8000.0,4.0,3.0,180.0,9.0,1033.0,2,200.0,FEW,30000.0,BKN
2015-12-05 09:20,7000.0,4.0,3.0,190.0,7.0,1033.0,3,100.0,FEW,30000.0,BKN
2015-12-05 09:50,10000.0,5.0,5.0,180.0,9.0,1032.0,2,200.0,FEW,26000.0,BKN
2015-12-05 10:20,10000.0,5.0,5.0,200.0,8.0,1032.0,2,1000.0,FEW,26000.0,BKN
2015-12-05 10:50,10000.0,6.0,5.0,190.0,8.0,1032.0,2,1000.0,FEW,27000.0,BKN
2015-12-05 11:20,10000.0,7.0,5.0,180.0,8.0,1031.0,2,1000.0,FEW,30000.0,BKN
2015-12-05 11:50,10000.0,7.0,5.0,180.0,9.0,1030.0,2,1000.0,FEW,30000.0,BKN
2015-12-05 12:20,10000.0,8.0,5.0,190.0,8.0,1030.0,2,1200.0,FEW,30000.0,BKN
2015-12-05 12:50,10000.0,8.0,5.0,200.0,10.0,1030.0,2,1200.0,FEW,28000.0,BKN
2015-12-05 13:20,10000.0,8.0,5.0,200.0,10.0,1030.0,2,1200.0,FEW,28000.0,BKN
2015-12-05 13:50,10000.0,8.0,5.0,190.0,8.0,1030.0,3,1200.0,FEW,30000.0,BKN
2015-12-05 14:20,10000.0,8.0,5.0,190.0,10.0,1029.0,3,1200.0,FEW,30000.0,BKN
2015-12-05 14:50,10000.0,7.0,5.0,200.0,10.0,1029.0,3,1200.0,FEW,30000.0,BKN
2015-12-05 15:20,10000.0,7.0,5.0,200.0,8.0,1029.0,3,1200.0,FEW,30000.0,BKN
2015-12-05 15:50,10000.0,7.0,4.0,200.0,9.0,1029.0,3,1200.0,FEW,30000.0,BKN
2015-12-05 16:20,10000.0,7.0,4.0,200.0,8.0,1029.0,2,2000.0,FEW,25000.0,BKN
2015-12-05 16:50,10000.0,7.0,4.0,210.0,11.0,1029.0,2,2000.0,FEW,25000.0,BKN
2015-12-05 17:20,10000.0,6.0,3.0,200.0,10.0,1029.0,2,2000.0,FEW,28000.0,BKN
2015-12-05 17:50,10000.0,5.0,3.0,190.0,5.0,1028.0,2,2000.0,FEW,28000.0,BKN
2015-12-05 18:20,10000.0,5.0,3.0,230.0,4.0,1029.0,2,2000.0,FEW,28000.0,BKN
2015-12-05 18:50,10000.0,4.0,3.0,,2.0,1029.0,2,2000.0,FEW,28000.0,BKN
2015-12-05 19:20,10000.0,3.0,2.0,210.0,4.0,1028.0,2,2000.0,FEW,28000.0,BKN
2015-12-05 19:50,10000.0,2.0,2.0,180.0,4.0,1028.0,2,2200.0,FEW,28000.0,BKN
2015-12-05 20:20,10000.0,2.0,2.0,190.0,4.0,1028.0,,,,,
2015-12-05 20:50,10000.0,4.0,3.0,180.0,3.0,1028.0,,,,,
2015-12-05 21:20,10000.0,3.0,2.0,220.0,5.0,1028.0,2,2200.0,FEW,28000.0,BKN
2015-12-05 21:50,10000.0,2.0,2.0,250.0,3.0,1028.0,2,2200.0,FEW,28000.0,BKN
2015-12-05 22:20,10000.0,2.0,2.0,200.0,4.0,1028.0,2,1600.0,FEW,28000.0,BKN
2015-12-05 22:50,10000.0,3.0,2.0,210.0,4.0,1027.0,2,1600.0,FEW,28000.0,BKN
2015-12-05 23:20,9000.0,2.0,2.0,210.0,2.0,1027.0,2,1600.0,FEW,28000.0,BKN
2015-12-05 23:50,8000.0,1.0,1.0,200.0,3.0,1027.0,2,1900.0,SCT,28000.0,SCT
2015-12-06 00:20,10000.0,5.0,4.0,190.0,9.0,1026.0,1,1900.0,BKN,,
2015-12-06 00:50,10000.0,5.0,4.0,200.0,8.0,1026.0,1,1900.0,BKN,,
2015-12-06 01:20,10000.0,5.0,4.0,190.0,8.0,1026.0,1,1800.0,BKN,,
2015-12-06 01:50,10000.0,6.0,5.0,190.0,10.0,1026.0,1,1900.0,OVC,,
2015-12-06 02:20,10000.0,6.0,4.0,190.0,10.0,1026.0,1,2100.0,OVC,,
2015-12-06 02:50,10000.0,6.0,4.0,190.0,9.0,1026.0,1,2200.0,OVC,,
2015-12-06 03:20,10000.0,6.0,5.0,190.0,9.0,1026.0,1,2200.0,OVC,,
2015-12-06 03:50,10000.0,6.0,4.0,190.0,8.0,1026.0,1,2200.0,BKN,,
2015-12-06 04:20,10000.0,5.0,4.0,190.0,9.0,1026.0,2,2000.0,SCT,28000.0,SCT
2015-12-06 04:50,10000.0,5.0,4.0,190.0,10.0,1026.0,2,2200.0,SCT,28000.0,BKN
2015-12-06 05:20,10000.0,5.0,4.0,200.0,8.0,1026.0,2,2200.0,FEW,28000.0,BKN
2015-12-06 05:50,10000.0,5.0,4.0,200.0,8.0,1026.0,1,2100.0,BKN,,
2015-12-06 06:20,10000.0,6.0,4.0,180.0,8.0,1026.0,1,2200.0,BKN,,
2015-12-06 06:50,10000.0,5.0,4.0,180.0,8.0,1026.0,2,2200.0,SCT,30000.0,BKN
2015-12-06 07:20,10000.0,6.0,4.0,190.0,9.0,1027.0,1,2400.0,BKN,,
2015-12-06 07:50,10000.0,6.0,4.0,190.0,12.0,1027.0,1,2200.0,BKN,,
2015-12-06 08:20,10000.0,7.0,4.0,190.0,12.0,1026.0,1,2500.0,BKN,,
2015-12-06 08:50,10000.0,7.0,4.0,190.0,12.0,1026.0,1,2500.0,BKN,,
2015-12-06 09:20,10000.0,8.0,4.0,200.0,12.0,1027.0,1,2400.0,BKN,,
2015-12-06 09:50,10000.0,8.0,5.0,200.0,9.0,1027.0,1,2300.0,BKN,,
2015-12-06 10:20,10000.0,8.0,5.0,190.0,12.0,1027.0,1,2300.0,BKN,,
2015-12-06 10:50,10000.0,9.0,5.0,200.0,10.0,1027.0,2,1500.0,FEW,2400.0,BKN
2015-12-06 11:20,10000.0,9.0,5.0,200.0,10.0,1027.0,2,1800.0,FEW,2800.0,BKN
2015-12-06 11:50,10000.0,9.0,6.0,200.0,11.0,1027.0,3,1800.0,FEW,3300.0,BKN
2015-12-06 12:20,10000.0,10.0,6.0,200.0,10.0,1027.0,3,1600.0,FEW,5100.0,BKN
2015-12-06 12:50,10000.0,10.0,6.0,210.0,14.0,1027.0,2,1800.0,FEW,5200.0,BKN
2015-12-06 13:20,10000.0,11.0,6.0,200.0,13.0,1026.0,1,2000.0,FEW,,
2015-12-06 13:50,10000.0,11.0,6.0,200.0,9.0,1026.0,1,2000.0,FEW,,
2015-12-06 14:20,10000.0,10.0,6.0,200.0,12.0,1026.0,1,2000.0,FEW,,
2015-12-06 14:50,10000.0,10.0,6.0,200.0,11.0,1026.0,1,2000.0,FEW,,
2015-12-06 15:20,10000.0,10.0,6.0,220.0,13.0,1027.0,1,2000.0,FEW,,
2015-12-06 15:50,10000.0,10.0,6.0,210.0,12.0,1027.0,1,2000.0,FEW,,
2015-12-06 16:20,10000.0,10.0,6.0,210.0,11.0,1028.0,2,2000.0,FEW,3900.0,BKN
2015-12-06 16:50,10000.0,10.0,6.0,200.0,10.0,1028.0,2,3900.0,FEW,4500.0,BKN
2015-12-06 17:20,10000.0,10.0,6.0,190.0,8.0,1028.0,1,2800.0,BKN,,
2015-12-06 17:50,10000.0,10.0,6.0,190.0,11.0,1028.0,1,2900.0,BKN,,
2015-12-06 18:20,10000.0,10.0,6.0,190.0,11.0,1028.0,2,2800.0,FEW,3100.0,BKN
2015-12-06 18:50,10000.0,10.0,6.0,200.0,9.0,1029.0,1,2800.0,BKN,,
2015-12-06 19:20,10000.0,10.0,6.0,210.0,10.0,1029.0,2,2800.0,FEW,8500.0,BKN
2015-12-06 19:50,10000.0,10.0,6.0,220.0,10.0,1029.0,2,2800.0,FEW,8500.0,BKN
2015-12-06 20:20,10000.0,9.0,6.0,220.0,9.0,1029.0,1,2800.0,FEW,,
2015-12-06 20:50,10000.0,9.0,6.0,210.0,10.0,1030.0,1,2800.0,FEW,,
2015-12-06 21:20,10000.0,9.0,7.0,200.0,9.0,1030.0,2,2800.0,FEW,6000.0,SCT
2015-12-06 21:50,10000.0,9.0,7.0,200.0,9.0,1030.0,2,2800.0,FEW,6000.0,SCT
2015-12-06 22:20,10000.0,8.0,7.0,190.0,6.0,1030.0,2,2800.0,FEW,4800.0,BKN
2015-12-06 22:50,10000.0,8.0,6.0,190.0,5.0,1030.0,2,2800.0,FEW,5000.0,SCT
2015-12-06 23:20,10000.0,6.0,5.0,190.0,5.0,1030.0,1,2800.0,FEW,,
2015-12-06 23:50,10000.0,8.0,7.0,210.0,6.0,1030.0,2,2800.0,FEW,6000.0,BKN
2015-12-07 00:20,10000.0,8.0,7.0,210.0,7.0,1030.0,2,2800.0,FEW,6000.0,BKN
2015-12-07 00:50,10000.0,8.0,7.0,200.0,7.0,1030.0,3,2800.0,FEW,8000.0,BKN
2015-12-07 01:20,10000.0,8.0,7.0,190.0,5.0,1030.0,2,2800.0,FEW,10000.0,BKN
2015-12-07 01:50,10000.0,8.0,6.0,200.0,5.0,1031.0,2,2800.0,FEW,10000.0,BKN
2015-12-07 02:20,10000.0,8.0,6.0,,1.0,1030.0,2,2800.0,FEW,7500.0,BKN
2015-12-07 02:50,10000.0,7.0,6.0,280.0,3.0,1031.0,2,2800.0,FEW,8000.0,BKN
2015-12-07 03:20,10000.0,7.0,7.0,220.0,4.0,1031.0,2,2800.0,FEW,9000.0,BKN
2015-12-07 03:50,10000.0,7.0,6.0,230.0,3.0,1031.0,2,2800.0,FEW,9000.0,BKN
2015-12-07 04:20,10000.0,6.0,5.0,250.0,3.0,1031.0,2,2800.0,FEW,13000.0,BKN
2015-12-07 04:50,10000.0,6.0,5.0,220.0,3.0,1031.0,2,2800.0,FEW,13000.0,BKN
2015-12-07 05:20,10000.0,7.0,6.0,210.0,3.0,1031.0,,,,,
2015-12-07 05:50,10000.0,7.0,6.0,200.0,5.0,1032.0,,,,,
2015-12-07 06:20,10000.0,7.0,6.0,220.0,5.0,1032.0,,,,,
2015-12-07 06:50,10000.0,7.0,6.0,220.0,5.0,1032.0,,,,,
2015-12-07 07:20,10000.0,6.0,5.0,240.0,4.0,1032.0,,,,,
2015-12-07 07:50,10000.0,7.0,6.0,240.0,4.0,1033.0,,,,,
2015-12-07 08:20,10000.0,8.0,6.0,220.0,4.0,1033.0,,,,,
2015-12-07 08:50,10000.0,8.0,6.0,220.0,6.0,1033.0,2,1500.0,FEW,12000.0,SCT
2015-12-07 09:20,10000.0,10.0,7.0,210.0,7.0,1033.0,1,1200.0,FEW,,
2015-12-07 09:50,10000.0,10.0,7.0,200.0,7.0,1033.0,1,1200.0,FEW,,
2015-12-07 10:20,10000.0,11.0,7.0,210.0,6.0,1033.0,,,,,
2015-12-07 10:50,10000.0,11.0,7.0,230.0,5.0,1033.0,,,,,
2015-12-07 11:20,10000.0,12.0,7.0,230.0,5.0,1033.0,,,,,
2015-12-07 11:50,10000.0,12.0,7.0,210.0,3.0,1033.0,,,,,
2015-12-07 12:20,10000.0,13.0,7.0,,2.0,1032.0,,,,,
2015-12-07 12:50,10000.0,13.0,7.0,,2.0,1032.0,,,,,
2015-12-07 13:20,10000.0,14.0,7.0,,3.0,1032.0,,,,,
2015-12-07 13:50,10000.0,13.0,7.0,,2.0,1032.0,,,,,
2015-12-07 14:20,10000.0,12.0,8.0,290.0,2.0,1032.0,,,,,
2015-12-07 14:50,10000.0,10.0,7.0,300.0,3.0,1032.0,,,,,
2015-12-07 15:20,10000.0,9.0,7.0,320.0,3.0,1032.0,,,,,
2015-12-07 15:50,10000.0,8.0,7.0,0.0,0.0,1032.0,,,,,
2015-12-07 16:20,10000.0,8.0,6.0,0.0,0.0,1032.0,,,,,
2015-12-07 16:50,10000.0,7.0,6.0,,2.0,1032.0,,,,,
2015-12-07 17:20,10000.0,7.0,6.0,,2.0,1032.0,,,,,
2015-12-07 17:50,10000.0,6.0,6.0,,2.0,1032.0,,,,,
2015-12-07 18:20,10000.0,6.0,5.0,,1.0,1032.0,,,,,
2015-12-07 18:50,10000.0,6.0,5.0,70.0,4.0,1033.0,,,,,
2015-12-07 19:20,10000.0,5.0,5.0,,1.0,1033.0,,,,,
2015-12-07 19:50,10000.0,5.0,4.0,,1.0,1033.0,,,,,
2015-12-07 20:20,10000.0,4.0,4.0,,1.0,1033.0,,,,,
2015-12-07 20:50,10000.0,4.0,4.0,,2.0,1033.0,,,,,
2015-12-07 21:20,10000.0,4.0,4.0,,2.0,1033.0,,,,,
2015-12-07 21:50,10000.0,5.0,5.0,,2.0,1033.0,,,,,
2015-12-07 22:20,10000.0,4.0,4.0,,2.0,1033.0,,,,,
2015-12-07 22:50,10000.0,5.0,4.0,,2.0,1033.0,,,,,
2015-12-07 23:20,10000.0,5.0,4.0,40.0,2.0,1033.0,,,,,
2015-12-07 23:50,10000.0,4.0,4.0,,1.0,1033.0,,,,,
2015-12-08 00:20,10000.0,4.0,4.0,,2.0,1033.0,,,,,
2015-12-08 00:50,7000.0,5.0,4.0,80.0,2.0,1032.0,,,,,
2015-12-08 01:20,6000.0,4.0,4.0,80.0,4.0,1032.0,,,,,
2015-12-08 01:50,7000.0,3.0,3.0,90.0,4.0,1032.0,,,,,
2015-12-08 02:20,7000.0,3.0,3.0,90.0,3.0,1032.0,,,,,
2015-12-08 02:50,3500.0,3.0,2.0,90.0,4.0,1032.0,,,,,
2015-12-08 03:20,3200.0,2.0,2.0,,1.0,1032.0,1,100.0,FEW,,
2015-12-08 03:50,2800.0,1.0,1.0,,2.0,1032.0,1,100.0,FEW,,
2015-12-08 04:20,3200.0,1.0,1.0,10.0,2.0,1032.0,1,100.0,FEW,,
2015-12-08 04:50,2500.0,1.0,0.0,160.0,2.0,1032.0,1,100.0,FEW,,
2015-12-08 05:20,3200.0,0.0,0.0,,1.0,1032.0,1,100.0,FEW,,
2015-12-08 05:50,4000.0,0.0,-0.0,260.0,2.0,1032.0,1,100.0,FEW,,
2015-12-08 06:20,5000.0,-0.0,-1.0,,1.0,1032.0,1,100.0,FEW,,
2015-12-08 06:50,4800.0,-1.0,-1.0,,1.0,1032.0,1,100.0,FEW,,
2015-12-08 07:20,4800.0,-1.0,-1.0,160.0,3.0,1032.0,1,100.0,FEW,,
2015-12-08 07:50,2500.0,-1.0,-1.0,,2.0,1032.0,1,100.0,FEW,,
2015-12-08 08:20,800.0,-0.0,-0.0,200.0,2.0,1032.0,1,100.0,FEW,,
2015-12-08 08:50,400.0,0.0,0.0,,2.0,1032.0,2,100.0,FEW,300.0,SCT
2015-12-08 09:20,150.0,2.0,1.0,160.0,3.0,1032.0,1,100.0,BKN,,
2015-12-08 09:50,400.0,2.0,2.0,150.0,3.0,1032.0,1,100.0,BKN,,
2015-12-08 10:20,300.0,3.0,3.0,210.0,5.0,1032.0,1,100.0,BKN,,
2015-12-08 10:50,700.0,4.0,3.0,210.0,5.0,1032.0,1,100.0,BKN,,
2015-12-08 11:20,450.0,4.0,4.0,200.0,5.0,1032.0,1,100.0,BKN,,
2015-12-08 11:50,200.0,4.0,4.0,210.0,6.0,1032.0,,,,,
2015-12-08 12:20,250.0,4.0,4.0,190.0,3.0,1032.0,,,,,
2015-12-08 12:50,500.0,4.0,4.0,200.0,3.0,1031.0,1,100.0,BKN,,
2015-12-08 13:20,700.0,4.0,4.0,180.0,4.0,1031.0,1,100.0,BKN,,
2015-12-08 13:50,600.0,4.0,4.0,190.0,3.0,1031.0,1,100.0,BKN,,
2015-12-08 14:20,300.0,4.0,4.0,220.0,4.0,1030.0,,,,,
2015-12-08 14:50,250.0,4.0,4.0,220.0,4.0,1030.0,,,,,
2015-12-08 15:20,150.0,4.0,4.0,240.0,3.0,1030.0,,,,,
2015-12-08 15:50,150.0,4.0,4.0,210.0,3.0,1030.0,,,,,
2015-12-08 16:20,150.0,4.0,4.0,220.0,5.0,1031.0,,,,,
2015-12-08 16:50,300.0,4.0,4.0,210.0,3.0,1031.0,,,,,
2015-12-08 17:20,250.0,4.0,4.0,250.0,3.0,1031.0,,,,,
2015-12-08 17:50,250.0,4.0,4.0,,2.0,1031.0,,,,,
2015-12-08 18:20,250.0,4.0,4.0,,2.0,1031.0,,,,,
2015-12-08 18:50,300.0,4.0,4.0,220.0,3.0,1031.0,,,,,
2015-12-08 19:20,300.0,4.0,4.0,230.0,4.0,1031.0,,,,,
2015-12-08 19:50,300.0,5.0,4.0,230.0,4.0,1031.0,,,,,
2015-12-08 20:20,300.0,4.0,4.0,230.0,4.0,1031.0,,,,,
2015-12-08 20:50,350.0,4.0,4.0,230.0,4.0,1031.0,,,,,
2015-12-08 21:20,300.0,4.0,4.0,240.0,3.0,1031.0,,,,,
2015-12-08 21:50,350.0,4.0,4.0,,2.0,1030.0,,,,,
2015-12-08 22:20,300.0,4.0,4.0,260.0,4.0,1030.0,,,,,
2015-12-08 22:50,250.0,4.0,4.0,290.0,3.0,1030.0,,,,,
2015-12-08 23:20,200.0,4.0,4.0,280.0,3.0,1031.0,,,,,
2015-12-08 23:50,200.0,4.0,4.0,,1.0,1030.0,,,,,
2015-12-09 00:20,250.0,4.0,4.0,260.0,2.0,1030.0,,,,,
2015-12-09 00:50,800.0,4.0,4.0,,2.0,1030.0,2,200.0,SCT,2600.0,BKN
2015-12-09 01:20,2800.0,4.0,4.0,200.0,3.0,1030.0,3,100.0,FEW,2700.0,BKN
2015-12-09 01:50,3400.0,4.0,4.0,210.0,2.0,1031.0,3,100.0,FEW,2600.0,BKN
2015-12-09 02:20,3200.0,4.0,4.0,,2.0,1031.0,3,100.0,FEW,2200.0,BKN
2015-12-09 02:50,3800.0,5.0,4.0,260.0,3.0,1031.0,3,100.0,FEW,1800.0,BKN
2015-12-09 03:20,6000.0,4.0,4.0,220.0,5.0,1031.0,2,300.0,FEW,3500.0,OVC
2015-12-09 03:50,8000.0,5.0,4.0,220.0,5.0,1032.0,2,200.0,FEW,4300.0,OVC
2015-12-09 04:20,7000.0,5.0,4.0,220.0,5.0,1032.0,2,200.0,FEW,4000.0,OVC
2015-12-09 04:50,7000.0,5.0,4.0,170.0,3.0,1032.0,2,200.0,FEW,3500.0,OVC
2015-12-09 05:20,10000.0,5.0,4.0,,2.0,1032.0,2,200.0,FEW,4100.0,OVC
2015-12-09 05:50,10000.0,5.0,4.0,,2.0,1033.0,3,200.0,FEW,9000.0,BKN
2015-12-09 06:20,3200.0,4.0,4.0,230.0,4.0,1033.0,2,200.0,BKN,9000.0,BKN
2015-12-09 06:50,400.0,4.0,4.0,230.0,4.0,1033.0,1,100.0,BKN,,
2015-12-09 07:20,700.0,4.0,3.0,150.0,2.0,1034.0,2,100.0,SCT,4400.0,BKN
2015-12-09 07:50,1600.0,4.0,4.0,130.0,3.0,1034.0,2,300.0,SCT,4500.0,BKN
2015-12-09 08:20,10000.0,4.0,4.0,,2.0,1035.0,2,300.0,FEW,4800.0,BKN
2015-12-09 08:50,10000.0,5.0,5.0,220.0,4.0,1035.0,2,400.0,FEW,4800.0,BKN
2015-12-09 09:20,10000.0,6.0,5.0,230.0,5.0,1036.0,3,400.0,FEW,4800.0,BKN
2015-12-09 09:50,10000.0,6.0,6.0,250.0,9.0,1036.0,2,800.0,FEW,4800.0,BKN
2015-12-09 10:20,10000.0,8.0,8.0,260.0,8.0,1036.0,2,1400.0,FEW,4800.0,SCT
2015-12-09 10:50,10000.0,9.0,8.0,260.0,6.0,1036.0,2,2600.0,FEW,4100.0,SCT
2015-12-09 11:20,10000.0,9.0,6.0,240.0,8.0,1037.0,2,2200.0,SCT,4200.0,SCT
2015-12-09 11:50,10000.0,9.0,6.0,250.0,7.0,1037.0,2,2200.0,FEW,3900.0,BKN
2015-12-09 12:20,10000.0,10.0,4.0,280.0,10.0,1037.0,1,2400.0,FEW,,
2015-12-09 12:50,10000.0,10.0,3.0,270.0,9.0,1037.0,1,2400.0,FEW,,
2015-12-09 13:20,10000.0,9.0,3.0,270.0,9.0,1037.0,1,2800.0,FEW,,
2015-12-09 13:50,10000.0,9.0,3.0,250.0,6.0,1037.0,2,2800.0,FEW,4200.0,SCT
2015-12-09 14:20,10000.0,9.0,4.0,240.0,4.0,1037.0,2,2800.0,FEW,4500.0,SCT
2015-12-09 14:50,10000.0,8.0,5.0,210.0,3.0,1038.0,2,2000.0,FEW,4000.0,SCT
2015-12-09 15:20,10000.0,7.0,5.0,210.0,5.0,1038.0,2,2000.0,FEW,4000.0,SCT
2015-12-09 15:50,10000.0,5.0,4.0,200.0,4.0,1038.0,1,2000.0,FEW,,
2015-12-09 16:20,10000.0,5.0,3.0,200.0,5.0,1038.0,1,2000.0,FEW,,
2015-12-09 16:50,10000.0,4.0,3.0,210.0,4.0,1038.0,1,2000.0,FEW,,
2015-12-09 17:20,10000.0,4.0,3.0,220.0,5.0,1038.0,1,2000.0,FEW,,
2015-12-09 17:50,10000.0,3.0,2.0,230.0,5.0,1039.0,1,4000.0,FEW,,
2015-12-09 18:20,10000.0,3.0,2.0,180.0,3.0,1039.0,,,,,
2015-12-09 18:50,10000.0,2.0,1.0,210.0,4.0,1039.0,,,,,
2015-12-09 19:20,10000.0,2.0,1.0,210.0,3.0,1039.0,,,,,
2015-12-09 19:50,10000.0,1.0,1.0,,1.0,1039.0,,,,,
2015-12-09 20:20,10000.0,1.0,0.0,,2.0,1039.0,,,,,
2015-12-09 20:50,10000.0,0.0,0.0,,1.0,1039.0,,,,,
2015-12-09 21:20,10000.0,-0.0,-1.0,,2.0,1039.0,,,,,
2015-12-09 21:50,10000.0,-0.0,-1.0,150.0,5.0,1039.0,,,,,
2015-12-09 22:20,10000.0,-1.0,-1.0,230.0,3.0,1039.0,,,,,
2015-12-09 22:50,10000.0,-1.0,-1.0,250.0,2.0,1039.0,,,,,
2015-12-09 23:20,10000.0,-1.0,-1.0,190.0,3.0,1039.0,,,,,
2015-12-09 23:50,10000.0,-1.0,-2.0,,2.0,1039.0,,,,,
2015-12-10 00:20,10000.0,-1.0,-1.0,230.0,3.0,1039.0,2,800.0,FEW,1000.0,BKN
2015-12-10 00:50,10000.0,-1.0,-1.0,200.0,3.0,1039.0,2,700.0,FEW,900.0,BKN
2015-12-10 01:20,10000.0,-1.0,-1.0,230.0,4.0,1038.0,2,500.0,FEW,700.0,BKN
2015-12-10 01:50,10000.0,1.0,1.0,200.0,5.0,1038.0,2,300.0,FEW,500.0,BKN
2015-12-10 02:20,10000.0,2.0,2.0,210.0,6.0,1038.0,2,300.0,SCT,500.0,BKN
2015-12-10 02:50,10000.0,3.0,3.0,200.0,6.0,1038.0,2,400.0,SCT,600.0,BKN
2015-12-10 03:20,10000.0,3.0,2.0,190.0,5.0,1038.0,2,400.0,FEW,700.0,BKN
2015-12-10 03:50,10000.0,3.0,2.0,180.0,4.0,1038.0,2,400.0,FEW,800.0,BKN
2015-12-10 04:20,10000.0,3.0,2.0,180.0,5.0,1038.0,2,400.0,FEW,700.0,BKN
2015-12-10 04:50,10000.0,3.0,2.0,190.0,5.0,1038.0,3,400.0,FEW,1000.0,BKN
2015-12-10 05:20,7000.0,3.0,2.0,,4.0,1037.0,2,300.0,SCT,600.0,BKN
2015-12-10 05:50,2200.0,3.0,2.0,220.0,3.0,1037.0,2,200.0,SCT,300.0,BKN
2015-12-10 06:20,1800.0,3.0,3.0,210.0,3.0,1037.0,2,100.0,FEW,300.0,BKN
2015-12-10 06:50,2600.0,3.0,3.0,220.0,4.0,1037.0,2,200.0,FEW,300.0,BKN
2015-12-10 07:20,3000.0,3.0,3.0,230.0,5.0,1037.0,2,200.0,FEW,400.0,BKN
2015-12-10 07:50,2000.0,3.0,3.0,,4.0,1037.0,2,200.0,FEW,300.0,BKN
2015-12-10 08:20,600.0,3.0,3.0,210.0,4.0,1037.0,1,100.0,BKN,,
2015-12-10 08:50,3200.0,3.0,2.0,180.0,4.0,1037.0,2,200.0,FEW,300.0,BKN
2015-12-10 09:20,1600.0,3.0,2.0,180.0,5.0,1037.0,2,200.0,FEW,300.0,BKN
2015-12-10 09:50,1200.0,3.0,2.0,180.0,6.0,1036.0,1,200.0,BKN,,
2015-12-10 10:20,1000.0,3.0,2.0,190.0,4.0,1036.0,2,100.0,FEW,200.0,BKN
2015-12-10 10:50,2200.0,3.0,2.0,220.0,5.0,1036.0,2,100.0,FEW,300.0,BKN
2015-12-10 11:20,2800.0,3.0,2.0,180.0,5.0,1036.0,2,100.0,FEW,300.0,BKN
2015-12-10 11:50,3200.0,2.0,2.0,180.0,5.0,1035.0,1,300.0,OVC,,
2015-12-10 12:20,4500.0,2.0,2.0,200.0,6.0,1035.0,1,300.0,OVC,,
2015-12-10 12:50,4500.0,2.0,2.0,190.0,4.0,1034.0,1,300.0,OVC,,
2015-12-10 13:20,4500.0,2.0,2.0,210.0,4.0,1034.0,1,400.0,OVC,,
2015-12-10 13:50,4500.0,3.0,2.0,170.0,3.0,1034.0,1,400.0,OVC,,
2015-12-10 14:20,5000.0,3.0,1.0,,2.0,1033.0,1,400.0,OVC,,
2015-12-10 14:50,4800.0,3.0,2.0,250.0,3.0,1033.0,1,500.0,OVC,,
2015-12-10 15:20,4000.0,2.0,1.0,230.0,4.0,1033.0,1,500.0,OVC,,
2015-12-10 15:50,3700.0,2.0,1.0,230.0,5.0,1033.0,1,500.0,OVC,,
2015-12-10 16:20,4800.0,2.0,1.0,180.0,3.0,1033.0,1,400.0,OVC,,
2015-12-10 16:50,4800.0,2.0,1.0,200.0,4.0,1032.0,1,400.0,OVC,,
2015-12-10 17:20,4000.0,2.0,1.0,180.0,3.0,1032.0,1,400.0,OVC,,
2015-12-10 17:50,3500.0,2.0,1.0,180.0,3.0,1032.0,1,300.0,OVC,,
2015-12-10 18:20,3500.0,2.0,1.0,180.0,3.0,1032.0,1,300.0,OVC,,
2015-12-10 18:50,2500.0,2.0,1.0,170.0,3.0,1032.0,1,200.0,OVC,,
2015-12-10 19:20,1700.0,2.0,1.0,230.0,7.0,1031.0,1,200.0,OVC,,
2015-12-10 19:50,500.0,2.0,1.0,210.0,6.0,1031.0,,,,,
2015-12-10 20:20,1700.0,1.0,1.0,200.0,9.0,1031.0,1,100.0,OVC,,
2015-12-10 20:50,1000.0,1.0,1.0,220.0,8.0,1031.0,1,100.0,OVC,,
2015-12-10 21:20,700.0,1.0,0.0,210.0,9.0,1031.0,,,,,
2015-12-10 21:50,700.0,0.0,0.0,220.0,9.0,1031.0,,,,,
2015-12-10 22:20,700.0,0.0,-0.0,210.0,8.0,1030.0,,,,,
2015-12-10 22:50,700.0,,,210.0,8.0,,,,,,
2015-12-10 23:20,1500.0,-0.0,-0.0,210.0,8.0,1030.0,1,100.0,OVC,,
2015-12-10 23:50,1800.0,0.0,0.0,180.0,7.0,1030.0,1,100.0,OVC,,
2015-12-11 00:20,1800.0,0.0,0.0,200.0,3.0,1030.0,1,100.0,OVC,,
2015-12-11 00:50,1800.0,1.0,0.0,190.0,6.0,1029.0,1,100.0,OVC,,
2015-12-11 01:20,2500.0,1.0,1.0,210.0,8.0,1029.0,1,200.0,OVC,,
2015-12-11 01:50,4000.0,1.0,1.0,230.0,9.0,1029.0,1,300.0,OVC,,
2015-12-11 02:20,5000.0,1.0,1.0,220.0,13.0,1029.0,1,400.0,OVC,,
2015-12-11 02:50,6000.0,1.0,1.0,210.0,12.0,1029.0,1,400.0,OVC,,
2015-12-11 03:20,6000.0,1.0,0.0,200.0,9.0,1029.0,2,500.0,BKN,1400.0,BKN
2015-12-11 03:50,8000.0,1.0,0.0,190.0,8.0,1028.0,2,500.0,FEW,1400.0,BKN
2015-12-11 04:20,10000.0,1.0,-0.0,190.0,10.0,1028.0,1,1500.0,BKN,,
2015-12-11 04:50,10000.0,0.0,-1.0,200.0,10.0,1028.0,1,1500.0,BKN,,
2015-12-11 05:20,10000.0,0.0,-1.0,200.0,10.0,1028.0,1,1500.0,SCT,,
2015-12-11 05:50,10000.0,0.0,-1.0,200.0,11.0,1028.0,1,1500.0,FEW,,
2015-12-11 06:20,10000.0,0.0,-1.0,200.0,10.0,1028.0,2,1500.0,FEW,4400.0,BKN
2015-12-11 06:50,10000.0,1.0,-1.0,200.0,10.0,1028.0,2,1500.0,FEW,4400.0,BKN
2015-12-11 07:20,8000.0,0.0,-1.0,200.0,9.0,1028.0,2,500.0,FEW,4400.0,BKN
2015-12-11 07:50,8000.0,1.0,-0.0,200.0,9.0,1028.0,3,500.0,FEW,20000.0,BKN
2015-12-11 08:20,9000.0,1.0,-0.0,200.0,9.0,1028.0,3,1500.0,FEW,14000.0,BKN
2015-12-11 08:50,10000.0,1.0,-0.0,200.0,6.0,1028.0,3,1500.0,FEW,14000.0,BKN
2015-12-11 09:20,10000.0,2.0,0.0,210.0,7.0,1028.0,3,1500.0,FEW,14000.0,BKN
2015-12-11 09:50,10000.0,3.0,0.0,190.0,9.0,1028.0,3,1500.0,FEW,14000.0,BKN
2015-12-11 10:20,10000.0,3.0,1.0,200.0,8.0,1028.0,3,1500.0,FEW,14000.0,BKN
2015-12-11 10:50,10000.0,4.0,1.0,200.0,9.0,1027.0,3,1500.0,FEW,14000.0,BKN
2015-12-11 11:20,10000.0,4.0,1.0,200.0,8.0,1027.0,3,1500.0,FEW,14000.0,BKN
2015-12-11 11:50,10000.0,5.0,1.0,190.0,8.0,1027.0,3,2900.0,FEW,14000.0,BKN
2015-12-11 12:20,10000.0,5.0,1.0,200.0,7.0,1027.0,2,1500.0,FEW,2700.0,BKN
2015-12-11 12:50,10000.0,5.0,2.0,200.0,8.0,1026.0,3,1500.0,FEW,13000.0,BKN
2015-12-11 13:20,10000.0,5.0,2.0,200.0,9.0,1026.0,3,1300.0,FEW,3000.0,BKN
2015-12-11 13:50,10000.0,6.0,2.0,200.0,9.0,1026.0,2,1500.0,FEW,2500.0,BKN
2015-12-11 14:20,10000.0,6.0,2.0,200.0,8.0,1026.0,2,1500.0,FEW,2500.0,BKN
2015-12-11 14:50,10000.0,6.0,2.0,190.0,9.0,1026.0,3,1500.0,FEW,10000.0,BKN
2015-12-11 15:20,10000.0,6.0,3.0,210.0,7.0,1026.0,2,1500.0,FEW,2300.0,BKN
2015-12-11 15:50,10000.0,6.0,3.0,210.0,9.0,1026.0,3,1500.0,FEW,5000.0,BKN
2015-12-11 16:20,10000.0,6.0,4.0,220.0,8.0,1026.0,3,1500.0,FEW,5000.0,OVC
2015-12-11 16:50,10000.0,6.0,4.0,220.0,7.0,1025.0,2,1000.0,FEW,2000.0,BKN
2015-12-11 17:20,10000.0,6.0,4.0,210.0,7.0,1025.0,2,1000.0,FEW,1900.0,BKN
2015-12-11 17:50,10000.0,6.0,4.0,200.0,5.0,1025.0,3,1000.0,FEW,2200.0,OVC
2015-12-11 18:20,10000.0,6.0,4.0,190.0,3.0,1025.0,3,1000.0,FEW,2200.0,OVC
2015-12-11 18:50,10000.0,6.0,5.0,170.0,4.0,1024.0,3,1000.0,FEW,2200.0,OVC
2015-12-11 19:20,10000.0,6.0,5.0,190.0,6.0,1024.0,2,1000.0,FEW,1800.0,BKN
2015-12-11 19:50,10000.0,6.0,5.0,190.0,9.0,1024.0,1,1800.0,BKN,,
2015-12-11 20:20,10000.0,7.0,5.0,200.0,9.0,1024.0,1,1800.0,BKN,,
2015-12-11 20:50,10000.0,7.0,5.0,210.0,12.0,1024.0,1,1800.0,BKN,,
2015-12-11 21:20,10000.0,8.0,5.0,210.0,12.0,1023.0,1,1700.0,BKN,,
2015-12-11 21:50,10000.0,8.0,5.0,210.0,11.0,1023.0,1,1600.0,BKN,,
2015-12-11 22:20,10000.0,8.0,5.0,210.0,13.0,1023.0,1,1600.0,BKN,,
2015-12-11 22:50,10000.0,8.0,6.0,220.0,12.0,1023.0,1,1600.0,BKN,,
2015-12-11 23:20,10000.0,8.0,6.0,220.0,11.0,1023.0,1,1500.0,BKN,,
2015-12-11 23:50,10000.0,8.0,6.0,210.0,13.0,1023.0,1,1500.0,BKN,,
2015-12-12 00:20,10000.0,9.0,6.0,210.0,13.0,1023.0,1,1500.0,BKN,,
2015-12-12 00:50,10000.0,9.0,6.0,210.0,15.0,1023.0,1,1700.0,BKN,,
2015-12-12 01:20,10000.0,9.0,7.0,210.0,15.0,1023.0,2,1700.0,BKN,2200.0,BKN
2015-12-12 01:50,10000.0,9.0,7.0,210.0,13.0,1023.0,2,1400.0,FEW,1900.0,BKN
2015-12-12 02:20,10000.0,9.0,7.0,210.0,14.0,1023.0,2,1700.0,FEW,2000.0,BKN
2015-12-12 02:50,10000.0,9.0,7.0,210.0,14.0,1023.0,2,1500.0,SCT,2000.0,BKN
2015-12-12 03:20,9000.0,8.0,7.0,350.0,6.0,1023.0,2,600.0,FEW,1400.0,BKN
2015-12-12 03:50,9000.0,7.0,6.0,,2.0,1023.0,2,600.0,FEW,1700.0,BKN
2015-12-12 04:20,6000.0,7.0,6.0,140.0,1.0,1024.0,2,600.0,FEW,2100.0,OVC
2015-12-12 04:50,6000.0,7.0,6.0,,1.0,1024.0,2,600.0,FEW,2300.0,BKN
2015-12-12 05:20,6000.0,7.0,6.0,,2.0,1024.0,2,900.0,FEW,2500.0,OVC
2015-12-12 05:50,4500.0,7.0,6.0,190.0,3.0,1024.0,2,200.0,FEW,2600.0,OVC
2015-12-12 06:20,4400.0,7.0,6.0,180.0,4.0,1024.0,2,200.0,FEW,2800.0,OVC
2015-12-12 06:50,7000.0,7.0,6.0,210.0,5.0,1024.0,2,200.0,FEW,3100.0,OVC
2015-12-12 07:20,5000.0,7.0,6.0,210.0,4.0,1025.0,2,200.0,FEW,3100.0,OVC
2015-12-12 07:50,3800.0,7.0,6.0,220.0,3.0,1025.0,3,200.0,FEW,3300.0,OVC
2015-12-12 08:20,4200.0,7.0,6.0,180.0,3.0,1025.0,2,200.0,FEW,3300.0,OVC
2015-12-12 08:50,3800.0,7.0,6.0,190.0,5.0,1025.0,2,200.0,FEW,3200.0,OVC
2015-12-12 09:20,10000.0,7.0,6.0,190.0,5.0,1025.0,2,200.0,FEW,2800.0,OVC
2015-12-12 09:50,10000.0,7.0,6.0,200.0,6.0,1025.0,2,200.0,FEW,2800.0,OVC
2015-12-12 10:20,9000.0,7.0,6.0,200.0,5.0,1025.0,2,300.0,FEW,2500.0,OVC
2015-12-12 10:50,4100.0,7.0,7.0,200.0,4.0,1025.0,3,200.0,FEW,2300.0,OVC
2015-12-12 11:20,4100.0,7.0,7.0,220.0,5.0,1025.0,3,200.0,FEW,800.0,BKN
2015-12-12 11:50,10000.0,7.0,7.0,220.0,3.0,1024.0,3,300.0,FEW,2700.0,BKN
2015-12-12 12:20,10000.0,7.0,7.0,210.0,4.0,1024.0,3,300.0,FEW,2200.0,BKN
2015-12-12 12:50,10000.0,7.0,7.0,200.0,4.0,1024.0,3,300.0,FEW,1800.0,BKN
2015-12-12 13:20,10000.0,7.0,7.0,190.0,3.0,1024.0,3,300.0,FEW,1300.0,BKN
2015-12-12 13:50,10000.0,7.0,7.0,180.0,4.0,1023.0,3,300.0,FEW,1200.0,BKN
2015-12-12 14:20,10000.0,7.0,7.0,190.0,3.0,1023.0,3,300.0,FEW,1100.0,BKN
2015-12-12 14:50,10000.0,8.0,7.0,190.0,3.0,1023.0,3,300.0,FEW,1000.0,BKN
2015-12-12 15:20,10000.0,8.0,7.0,190.0,3.0,1023.0,2,600.0,SCT,1200.0,OVC
2015-12-12 15:50,10000.0,8.0,7.0,190.0,6.0,1023.0,2,600.0,FEW,1300.0,OVC
2015-12-12 16:20,10000.0,8.0,7.0,200.0,7.0,1023.0,2,500.0,SCT,1300.0,OVC
2015-12-12 16:50,10000.0,8.0,7.0,190.0,9.0,1022.0,3,500.0,FEW,2400.0,BKN
2015-12-12 17:20,10000.0,8.0,7.0,190.0,8.0,1022.0,2,1400.0,SCT,2400.0,BKN
2015-12-12 17:50,10000.0,9.0,7.0,190.0,10.0,1022.0,2,1500.0,SCT,2300.0,BKN
2015-12-12 18:20,10000.0,8.0,7.0,200.0,9.0,1021.0,2,1600.0,SCT,2300.0,BKN
2015-12-12 18:50,10000.0,9.0,7.0,200.0,11.0,1021.0,2,1700.0,FEW,2000.0,BKN
2015-12-12 19:20,10000.0,9.0,7.0,200.0,13.0,1021.0,2,1700.0,FEW,2400.0,BKN
2015-12-12 19:50,10000.0,9.0,7.0,200.0,13.0,1021.0,2,1900.0,FEW,2400.0,BKN
2015-12-12 20:20,10000.0,9.0,7.0,200.0,13.0,1020.0,2,1900.0,FEW,2600.0,BKN
2015-12-12 20:50,10000.0,9.0,7.0,190.0,11.0,1020.0,1,2800.0,BKN,,
2015-12-12 21:20,10000.0,9.0,7.0,200.0,12.0,1020.0,1,2300.0,BKN,,
2015-12-12 21:50,10000.0,9.0,7.0,180.0,10.0,1020.0,2,1700.0,FEW,2400.0,BKN
2015-12-12 22:20,10000.0,9.0,7.0,190.0,8.0,1020.0,2,1700.0,FEW,2000.0,BKN
2015-12-12 22:50,10000.0,9.0,7.0,180.0,11.0,1019.0,1,2500.0,BKN,,
2015-12-12 23:20,10000.0,9.0,7.0,190.0,16.0,1019.0,1,2700.0,BKN,,
2015-12-12 23:50,10000.0,10.0,7.0,200.0,19.0,1019.0,2,2200.0,FEW,2700.0,BKN
2015-12-13 00:20,10000.0,10.0,7.0,200.0,16.0,1018.0,2,2200.0,FEW,2500.0,BKN
2015-12-13 00:50,10000.0,10.0,7.0,210.0,17.0,1018.0,2,1700.0,FEW,2300.0,BKN
2015-12-13 01:20,10000.0,10.0,7.0,200.0,17.0,1018.0,2,1700.0,FEW,2200.0,BKN
2015-12-13 01:50,10000.0,10.0,7.0,200.0,18.0,1018.0,1,2200.0,BKN,,
2015-12-13 02:20,10000.0,10.0,6.0,200.0,19.0,1018.0,1,2100.0,SCT,,
2015-12-13 02:50,10000.0,10.0,6.0,210.0,19.0,1017.0,1,2200.0,SCT,,
2015-12-13 03:20,10000.0,9.0,6.0,210.0,17.0,1017.0,1,2200.0,SCT,,
2015-12-13 03:50,10000.0,9.0,6.0,210.0,16.0,1017.0,1,2300.0,SCT,,
2015-12-13 04:20,10000.0,9.0,6.0,210.0,13.0,1017.0,1,2700.0,SCT,,
2015-12-13 04:50,10000.0,9.0,6.0,210.0,9.0,1018.0,1,2500.0,SCT,,
2015-12-13 05:20,10000.0,9.0,6.0,190.0,9.0,1018.0,1,2600.0,SCT,,
2015-12-13 05:50,10000.0,9.0,5.0,200.0,11.0,1018.0,1,2600.0,BKN,,
2015-12-13 06:20,10000.0,9.0,5.0,200.0,13.0,1018.0,2,1000.0,FEW,2700.0,BKN
2015-12-13 06:50,10000.0,9.0,5.0,210.0,15.0,1019.0,2,1200.0,FEW,2500.0,BKN
2015-12-13 07:20,10000.0,9.0,5.0,210.0,16.0,1019.0,2,1500.0,FEW,2400.0,BKN
2015-12-13 07:50,10000.0,9.0,5.0,200.0,13.0,1019.0,2,1700.0,FEW,2300.0,BKN
2015-12-13 08:20,10000.0,9.0,5.0,210.0,13.0,1020.0,2,1700.0,FEW,2300.0,BKN
2015-12-13 08:50,10000.0,9.0,5.0,210.0,13.0,1020.0,2,1700.0,FEW,2200.0,BKN
2015-12-13 09:20,10000.0,9.0,5.0,200.0,12.0,1020.0,1,2100.0,BKN,,
2015-12-13 09:50,10000.0,9.0,5.0,210.0,11.0,1021.0,1,2100.0,BKN,,
2015-12-13 10:20,10000.0,9.0,5.0,220.0,13.0,1021.0,1,2100.0,BKN,,
2015-12-13 10:50,10000.0,9.0,5.0,220.0,12.0,1021.0,2,1500.0,FEW,2100.0,BKN
2015-12-13 11:20,10000.0,9.0,6.0,230.0,10.0,1021.0,2,1400.0,FEW,2100.0,BKN
2015-12-13 11:50,10000.0,10.0,6.0,230.0,12.0,1021.0,2,1400.0,FEW,2100.0,BKN
2015-12-13 12:20,10000.0,10.0,6.0,230.0,12.0,1021.0,2,1400.0,FEW,2100.0,BKN
2015-12-13 12:50,10000.0,10.0,6.0,230.0,9.0,1021.0,2,1400.0,FEW,2000.0,BKN
2015-12-13 13:20,10000.0,10.0,6.0,210.0,7.0,1021.0,2,1400.0,FEW,2000.0,BKN
2015-12-13 13:50,10000.0,9.0,6.0,210.0,7.0,1021.0,2,1400.0,FEW,2000.0,BKN
2015-12-13 14:20,10000.0,9.0,6.0,210.0,8.0,1021.0,2,1400.0,FEW,1900.0,BKN
2015-12-13 14:50,10000.0,9.0,6.0,200.0,6.0,1021.0,1,1900.0,BKN,,
2015-12-13 15:20,10000.0,9.0,6.0,220.0,6.0,1021.0,1,1900.0,OVC,,
2015-12-13 15:50,10000.0,9.0,6.0,220.0,3.0,1022.0,1,1800.0,OVC,,
2015-12-13 16:20,10000.0,9.0,6.0,,2.0,1022.0,1,1800.0,OVC,,
2015-12-13 16:50,10000.0,9.0,6.0,240.0,3.0,1022.0,1,1800.0,OVC,,
2015-12-13 17:20,10000.0,9.0,6.0,250.0,5.0,1022.0,1,1800.0,OVC,,
2015-12-13 17:50,10000.0,9.0,6.0,310.0,4.0,1022.0,1,1600.0,OVC,,
2015-12-13 18:20,10000.0,8.0,6.0,20.0,5.0,1022.0,2,900.0,FEW,1500.0,OVC
2015-12-13 18:50,10000.0,7.0,6.0,20.0,6.0,1023.0,2,400.0,SCT,1400.0,OVC
2015-12-13 19:20,10000.0,7.0,6.0,20.0,6.0,1023.0,2,400.0,BKN,1400.0,OVC
2015-12-13 19:50,10000.0,7.0,6.0,20.0,5.0,1023.0,2,400.0,BKN,1500.0,OVC
2015-12-13 20:20,10000.0,7.0,6.0,20.0,6.0,1023.0,2,400.0,BKN,1500.0,OVC
2015-12-13 20:50,10000.0,7.0,6.0,80.0,4.0,1023.0,2,400.0,BKN,1500.0,OVC
2015-12-13 21:20,10000.0,7.0,6.0,10.0,6.0,1023.0,2,400.0,BKN,700.0,BKN
2015-12-13 21:50,10000.0,7.0,6.0,10.0,4.0,1023.0,3,400.0,BKN,1800.0,OVC
2015-12-13 22:20,10000.0,7.0,6.0,50.0,3.0,1023.0,3,300.0,FEW,1900.0,BKN
2015-12-13 22:50,9000.0,7.0,6.0,10.0,4.0,1023.0,3,300.0,FEW,1900.0,BKN
2015-12-13 23:20,9000.0,7.0,6.0,10.0,5.0,1023.0,3,300.0,FEW,1900.0,BKN
2015-12-13 23:50,8000.0,6.0,5.0,40.0,4.0,1023.0,3,300.0,FEW,1900.0,BKN
2015-12-14 00:20,6000.0,6.0,5.0,50.0,2.0,1022.0,3,300.0,FEW,4100.0,BKN
2015-12-14 00:50,7000.0,6.0,5.0,10.0,5.0,1022.0,3,300.0,FEW,4100.0,BKN
2015-12-14 01:20,7000.0,6.0,5.0,20.0,5.0,1023.0,3,300.0,FEW,4200.0,BKN
2015-12-14 01:50,7000.0,6.0,5.0,50.0,3.0,1023.0,3,300.0,FEW,4200.0,BKN
2015-12-14 02:20,6000.0,6.0,5.0,80.0,3.0,1022.0,2,300.0,FEW,4100.0,BKN
2015-12-14 02:50,5000.0,6.0,5.0,,2.0,1022.0,2,300.0,FEW,4000.0,BKN
2015-12-14 03:20,5000.0,5.0,4.0,60.0,2.0,1022.0,1,4000.0,BKN,,
2015-12-14 03:50,6000.0,6.0,5.0,90.0,2.0,1022.0,1,3800.0,BKN,,
2015-12-14 04:20,6000.0,6.0,5.0,40.0,2.0,1022.0,1,3600.0,BKN,,
2015-12-14 04:50,6000.0,6.0,5.0,360.0,4.0,1022.0,1,3300.0,BKN,,
2015-12-14 05:20,7000.0,6.0,5.0,40.0,2.0,1022.0,1,3300.0,BKN,,
2015-12-14 05:50,7000.0,5.0,5.0,,1.0,1022.0,1,3400.0,BKN,,
2015-12-14 06:20,6000.0,5.0,4.0,,1.0,1022.0,1,3600.0,BKN,,
2015-12-14 06:50,5000.0,4.0,3.0,,1.0,1022.0,2,3800.0,BKN,25000.0,BKN
2015-12-14 07:20,5000.0,4.0,3.0,70.0,3.0,1022.0,2,3800.0,BKN,25000.0,BKN
2015-12-14 07:50,7000.0,4.0,4.0,70.0,5.0,1022.0,2,3700.0,BKN,25000.0,BKN
2015-12-14 08:20,9000.0,6.0,5.0,70.0,4.0,1022.0,2,3700.0,SCT,25000.0,BKN
2015-12-14 08:50,9000.0,6.0,5.0,,2.0,1022.0,3,2000.0,FEW,25000.0,BKN
2015-12-14 09:20,10000.0,7.0,5.0,150.0,3.0,1022.0,3,2000.0,FEW,25000.0,BKN
2015-12-14 09:50,10000.0,7.0,5.0,,2.0,1022.0,2,2000.0,FEW,25000.0,BKN
2015-12-14 10:20,10000.0,7.0,5.0,,2.0,1022.0,2,2000.0,FEW,22000.0,SCT
2015-12-14 10:50,10000.0,6.0,5.0,220.0,3.0,1022.0,2,2000.0,FEW,3900.0,SCT
2015-12-14 11:20,10000.0,7.0,5.0,200.0,3.0,1022.0,2,2000.0,FEW,3900.0,SCT
2015-12-14 11:50,10000.0,7.0,5.0,210.0,4.0,1022.0,2,200.0,FEW,3900.0,SCT
2015-12-14 12:20,10000.0,7.0,5.0,210.0,5.0,1022.0,1,200.0,FEW,,
2015-12-14 12:50,10000.0,7.0,5.0,230.0,3.0,1022.0,1,200.0,FEW,,
2015-12-14 13:20,10000.0,8.0,5.0,,1.0,1021.0,1,400.0,FEW,,
2015-12-14 13:50,10000.0,8.0,4.0,,2.0,1021.0,1,1800.0,FEW,,
2015-12-14 14:20,10000.0,7.0,5.0,260.0,2.0,1021.0,2,1800.0,FEW,3500.0,BKN
2015-12-14 14:50,10000.0,7.0,5.0,260.0,3.0,1021.0,2,1800.0,FEW,3200.0,BKN
2015-12-14 15:20,10000.0,6.0,5.0,260.0,2.0,1021.0,2,2900.0,SCT,3900.0,BKN
2015-12-14 15:50,10000.0,6.0,5.0,190.0,1.0,1021.0,2,2900.0,SCT,3900.0,BKN
2015-12-14 16:20,10000.0,6.0,4.0,,1.0,1021.0,2,2900.0,SCT,3600.0,BKN
2015-12-14 16:50,10000.0,6.0,5.0,,1.0,1021.0,1,3300.0,BKN,,
2015-12-14 17:20,10000.0,5.0,4.0,,1.0,1021.0,1,3300.0,BKN,,
2015-12-14 17:50,10000.0,5.0,4.0,150.0,3.0,1021.0,1,3700.0,BKN,,
2015-12-14 18:20,10000.0,4.0,3.0,,2.0,1022.0,1,3700.0,SCT,,
2015-12-14 18:50,10000.0,4.0,4.0,,1.0,1022.0,1,3500.0,BKN,,
2015-12-14 19:20,10000.0,4.0,4.0,,1.0,1022.0,1,3200.0,BKN,,
2015-12-14 19:50,10000.0,4.0,4.0,,2.0,1022.0,2,3000.0,SCT,4800.0,SCT
2015-12-14 20:20,10000.0,4.0,3.0,,2.0,1022.0,1,3100.0,BKN,,
2015-12-14 20:50,10000.0,4.0,3.0,,1.0,1022.0,2,3100.0,SCT,4600.0,SCT
2015-12-14 21:20,10000.0,4.0,4.0,230.0,2.0,1022.0,1,2900.0,BKN,,
2015-12-14 21:50,10000.0,5.0,4.0,,2.0,1022.0,1,2600.0,BKN,,
2015-12-14 22:20,10000.0,5.0,4.0,,2.0,1022.0,1,2300.0,BKN,,
2015-12-14 22:50,10000.0,5.0,4.0,160.0,2.0,1022.0,1,2200.0,BKN,,
2015-12-14 23:20,10000.0,5.0,4.0,240.0,2.0,1022.0,1,2100.0,OVC,,
2015-12-14 23:50,10000.0,5.0,4.0,220.0,1.0,1022.0,1,2000.0,BKN,,
2015-12-15 00:20,10000.0,4.0,3.0,190.0,2.0,1022.0,1,1900.0,SCT,,
2015-12-15 00:50,10000.0,3.0,3.0,210.0,2.0,1022.0,1,1900.0,SCT,,
2015-12-15 01:20,8000.0,3.0,3.0,190.0,4.0,1022.0,1,1900.0,SCT,,
2015-12-15 01:50,10000.0,3.0,3.0,180.0,6.0,1023.0,2,1800.0,SCT,19000.0,SCT
2015-12-15 02:20,10000.0,3.0,3.0,190.0,6.0,1023.0,2,1800.0,SCT,18000.0,SCT
2015-12-15 02:50,10000.0,4.0,3.0,200.0,6.0,1022.0,2,1800.0,SCT,16000.0,BKN
2015-12-15 03:20,10000.0,3.0,2.0,190.0,7.0,1022.0,,,,,
2015-12-15 03:50,10000.0,4.0,3.0,200.0,6.0,1022.0,,,,,
2015-12-15 04:20,10000.0,4.0,3.0,190.0,7.0,1023.0,,,,,
2015-12-15 04:50,10000.0,4.0,3.0,220.0,5.0,1023.0,,,,,
2015-12-15 05:20,10000.0,4.0,2.0,,2.0,1023.0,2,1300.0,FEW,13000.0,BKN
2015-12-15 05:50,10000.0,3.0,2.0,,2.0,1023.0,2,1100.0,FEW,12000.0,BKN
2015-12-15 06:20,10000.0,3.0,2.0,210.0,3.0,1023.0,2,900.0,SCT,11000.0,BKN
2015-12-15 06:50,10000.0,3.0,2.0,,2.0,1023.0,2,900.0,SCT,11000.0,BKN
2015-12-15 07:20,8000.0,3.0,3.0,210.0,4.0,1024.0,2,900.0,SCT,5800.0,BKN
2015-12-15 07:50,7000.0,4.0,3.0,220.0,3.0,1024.0,2,900.0,SCT,5000.0,BKN
2015-12-15 08:20,7000.0,4.0,3.0,230.0,4.0,1024.0,2,900.0,SCT,5000.0,BKN
2015-12-15 08:50,8000.0,5.0,4.0,220.0,4.0,1024.0,2,900.0,FEW,6000.0,BKN
2015-12-15 09:20,10000.0,5.0,4.0,200.0,4.0,1025.0,3,900.0,FEW,6000.0,BKN
2015-12-15 09:50,10000.0,5.0,4.0,200.0,4.0,1025.0,1,3600.0,BKN,,
2015-12-15 10:20,10000.0,5.0,4.0,210.0,4.0,1025.0,1,3500.0,BKN,,
2015-12-15 10:50,10000.0,6.0,4.0,190.0,4.0,1024.0,1,3500.0,BKN,,
2015-12-15 11:20,10000.0,7.0,4.0,190.0,3.0,1025.0,1,3800.0,BKN,,
2015-12-15 11:50,10000.0,7.0,5.0,200.0,3.0,1024.0,2,3800.0,SCT,8000.0,BKN
2015-12-15 12:20,10000.0,7.0,5.0,,2.0,1024.0,2,3800.0,FEW,9000.0,BKN
2015-12-15 12:50,10000.0,8.0,5.0,260.0,3.0,1024.0,2,3800.0,SCT,9000.0,BKN
2015-12-15 13:20,10000.0,8.0,5.0,,2.0,1024.0,2,3400.0,SCT,9000.0,BKN
2015-12-15 13:50,10000.0,8.0,6.0,,2.0,1024.0,2,3900.0,SCT,10000.0,BKN
2015-12-15 14:20,10000.0,8.0,6.0,,1.0,1024.0,2,3900.0,FEW,10000.0,BKN
2015-12-15 14:50,10000.0,7.0,6.0,300.0,2.0,1024.0,3,3900.0,FEW,25000.0,BKN
2015-12-15 15:20,9000.0,6.0,5.0,260.0,2.0,1024.0,,,,,
2015-12-15 15:50,8000.0,5.0,5.0,,2.0,1025.0,,,,,
2015-12-15 16:20,8000.0,5.0,4.0,,2.0,1025.0,,,,,
2015-12-15 16:50,8000.0,4.0,4.0,,2.0,1025.0,,,,,
2015-12-15 17:20,7000.0,4.0,3.0,120.0,2.0,1025.0,,,,,
2015-12-15 17:50,6000.0,4.0,3.0,,1.0,1026.0,,,,,
2015-12-15 18:20,6000.0,4.0,3.0,,1.0,1026.0,,,,,
2015-12-15 18:50,6000.0,4.0,4.0,,2.0,1026.0,,,,,
2015-12-15 19:20,6000.0,4.0,4.0,,1.0,1026.0,,,,,
2015-12-15 19:50,6000.0,4.0,4.0,170.0,1.0,1026.0,,,,,
2015-12-15 20:20,5000.0,4.0,3.0,,2.0,1026.0,,,,,
2015-12-15 20:50,5000.0,4.0,4.0,80.0,3.0,1026.0,,,,,
2015-12-15 21:20,5000.0,4.0,4.0,80.0,3.0,1026.0,,,,,
2015-12-15 21:50,4000.0,4.0,3.0,60.0,1.0,1026.0,,,,,
2015-12-15 22:20,4000.0,4.0,3.0,100.0,2.0,1026.0,,,,,
2015-12-15 22:50,4000.0,4.0,3.0,130.0,1.0,1026.0,,,,,
2015-12-15 23:20,4000.0,3.0,3.0,,1.0,1026.0,,,,,
2015-12-15 23:50,4500.0,3.0,3.0,,2.0,1026.0,,,,,
2015-12-16 00:20,4500.0,3.0,3.0,,1.0,1026.0,,,,,
2015-12-16 00:50,4500.0,3.0,3.0,70.0,3.0,1026.0,,,,,
2015-12-16 01:20,4500.0,3.0,3.0,60.0,2.0,1026.0,,,,,
2015-12-16 01:50,6000.0,4.0,3.0,80.0,3.0,1026.0,,,,,
2015-12-16 02:20,6000.0,4.0,3.0,0.0,0.0,1026.0,,,,,
2015-12-16 02:50,6000.0,4.0,3.0,200.0,1.0,1026.0,,,,,
2015-12-16 03:20,6000.0,4.0,3.0,20.0,1.0,1026.0,,,,,
2015-12-16 03:50,6000.0,4.0,4.0,90.0,1.0,1026.0,,,,,
2015-12-16 04:20,6000.0,4.0,4.0,250.0,3.0,1026.0,2,3500.0,SCT,4700.0,BKN
2015-12-16 04:50,10000.0,4.0,4.0,0.0,0.0,1026.0,2,1800.0,SCT,3900.0,BKN
2015-12-16 05:20,10000.0,5.0,4.0,0.0,0.0,1026.0,2,1800.0,FEW,5000.0,BKN
2015-12-16 05:50,8000.0,5.0,5.0,,2.0,1026.0,3,1300.0,FEW,4500.0,OVC
2015-12-16 06:20,8000.0,6.0,6.0,180.0,4.0,1025.0,3,700.0,SCT,4500.0,BKN
2015-12-16 06:50,3500.0,7.0,6.0,180.0,5.0,1025.0,2,300.0,FEW,500.0,BKN
2015-12-16 07:20,2200.0,7.0,7.0,190.0,6.0,1025.0,2,300.0,SCT,400.0,BKN
2015-12-16 07:50,3000.0,8.0,7.0,180.0,5.0,1025.0,2,200.0,FEW,400.0,BKN
2015-12-16 08:20,4000.0,8.0,7.0,170.0,7.0,1025.0,2,300.0,FEW,400.0,BKN
2015-12-16 08:50,9000.0,8.0,7.0,200.0,7.0,1025.0,2,300.0,FEW,400.0,BKN
2015-12-16 09:20,8000.0,9.0,8.0,190.0,7.0,1025.0,2,300.0,FEW,400.0,BKN
2015-12-16 09:50,10000.0,9.0,8.0,180.0,9.0,1025.0,3,300.0,FEW,600.0,BKN
2015-12-16 10:20,10000.0,9.0,8.0,190.0,11.0,1026.0,2,300.0,FEW,500.0,BKN
2015-12-16 10:50,4000.0,9.0,8.0,200.0,7.0,1025.0,2,300.0,FEW,400.0,BKN
2015-12-16 11:20,4500.0,9.0,8.0,190.0,7.0,1025.0,2,300.0,FEW,400.0,OVC
2015-12-16 11:50,6000.0,9.0,8.0,200.0,5.0,1025.0,2,300.0,FEW,400.0,OVC
2015-12-16 12:20,6000.0,9.0,8.0,200.0,4.0,1025.0,2,300.0,FEW,400.0,OVC
2015-12-16 12:50,7000.0,9.0,8.0,210.0,3.0,1025.0,2,300.0,FEW,400.0,OVC
2015-12-16 13:20,5000.0,9.0,9.0,210.0,5.0,1025.0,2,300.0,SCT,400.0,OVC
2015-12-16 13:50,5000.0,9.0,9.0,190.0,5.0,1025.0,2,300.0,SCT,400.0,OVC
2015-12-16 14:20,2800.0,9.0,9.0,200.0,6.0,1025.0,1,300.0,BKN,,
2015-12-16 14:50,4100.0,9.0,9.0,200.0,5.0,1025.0,2,200.0,FEW,300.0,OVC
2015-12-16 15:20,5000.0,10.0,9.0,190.0,6.0,1025.0,2,200.0,FEW,300.0,OVC
2015-12-16 15:50,5000.0,10.0,9.0,200.0,8.0,1025.0,2,200.0,FEW,300.0,BKN
2015-12-16 16:20,5000.0,10.0,9.0,200.0,8.0,1025.0,2,200.0,FEW,300.0,BKN
2015-12-16 16:50,3700.0,10.0,9.0,200.0,8.0,1025.0,2,200.0,FEW,300.0,BKN
2015-12-16 17:20,4200.0,10.0,9.0,200.0,9.0,1025.0,2,200.0,FEW,300.0,BKN
2015-12-16 17:50,3600.0,10.0,10.0,200.0,8.0,1025.0,2,200.0,FEW,300.0,BKN
2015-12-16 18:20,4100.0,10.0,10.0,200.0,7.0,1025.0,2,200.0,SCT,300.0,OVC
2015-12-16 18:50,4700.0,10.0,10.0,200.0,7.0,1026.0,2,200.0,FEW,300.0,BKN
2015-12-16 19:20,4700.0,10.0,10.0,190.0,7.0,1026.0,2,200.0,FEW,300.0,BKN
2015-12-16 19:50,6000.0,11.0,10.0,190.0,8.0,1026.0,2,200.0,FEW,300.0,BKN
2015-12-16 20:20,8000.0,11.0,10.0,200.0,7.0,1026.0,2,200.0,FEW,400.0,BKN
2015-12-16 20:50,8000.0,11.0,10.0,200.0,6.0,1026.0,2,200.0,FEW,400.0,BKN
2015-12-16 21:20,6000.0,11.0,10.0,190.0,7.0,1026.0,3,200.0,FEW,1700.0,BKN
2015-12-16 21:50,7000.0,11.0,10.0,190.0,8.0,1026.0,2,400.0,BKN,1300.0,BKN
2015-12-16 22:20,7000.0,11.0,10.0,190.0,8.0,1026.0,2,400.0,SCT,1200.0,BKN
2015-12-16 22:50,8000.0,11.0,10.0,190.0,7.0,1026.0,2,500.0,BKN,1400.0,BKN
2015-12-16 23:20,8000.0,11.0,11.0,210.0,5.0,1026.0,2,500.0,SCT,1400.0,BKN
2015-12-16 23:50,9000.0,11.0,11.0,190.0,6.0,1026.0,2,500.0,FEW,1400.0,BKN
2015-12-17 00:20,10000.0,11.0,11.0,190.0,5.0,1026.0,2,500.0,FEW,1500.0,BKN
2015-12-17 00:50,10000.0,11.0,10.0,200.0,5.0,1026.0,2,1500.0,SCT,2100.0,BKN
2015-12-17 01:20,10000.0,11.0,11.0,200.0,6.0,1026.0,3,1500.0,FEW,3200.0,BKN
2015-12-17 01:50,10000.0,11.0,11.0,190.0,8.0,1026.0,2,1700.0,SCT,2700.0,BKN
2015-12-17 02:20,6000.0,11.0,11.0,200.0,7.0,1026.0,3,900.0,FEW,2200.0,BKN
2015-12-17 02:50,7000.0,11.0,10.0,200.0,7.0,1026.0,3,1100.0,FEW,2400.0,BKN
2015-12-17 03:20,7000.0,11.0,10.0,190.0,7.0,1026.0,3,900.0,FEW,2400.0,BKN
2015-12-17 03:50,5000.0,11.0,10.0,190.0,5.0,1026.0,3,300.0,FEW,2100.0,BKN
2015-12-17 04:20,4500.0,11.0,11.0,190.0,7.0,1026.0,3,400.0,FEW,2400.0,BKN
2015-12-17 04:50,5000.0,11.0,11.0,180.0,9.0,1026.0,3,400.0,FEW,3200.0,BKN
2015-12-17 05:20,9000.0,11.0,11.0,180.0,9.0,1026.0,3,300.0,FEW,3000.0,BKN
2015-12-17 05:50,8000.0,11.0,10.0,190.0,6.0,1026.0,3,300.0,FEW,2500.0,BKN
2015-12-17 06:20,9000.0,11.0,10.0,180.0,8.0,1026.0,3,300.0,FEW,4500.0,BKN
2015-12-17 06:50,10000.0,11.0,10.0,180.0,8.0,1026.0,2,400.0,FEW,30000.0,BKN
2015-12-17 07:20,10000.0,11.0,10.0,200.0,9.0,1026.0,2,400.0,FEW,2400.0,SCT
2015-12-17 07:50,10000.0,11.0,10.0,190.0,10.0,1026.0,2,1500.0,FEW,1900.0,BKN
2015-12-17 08:20,10000.0,11.0,10.0,200.0,9.0,1026.0,2,1000.0,FEW,1500.0,BKN
2015-12-17 08:50,10000.0,11.0,10.0,210.0,6.0,1026.0,2,1000.0,FEW,1300.0,BKN
2015-12-17 09:20,10000.0,11.0,10.0,180.0,6.0,1026.0,2,600.0,FEW,1200.0,BKN
2015-12-17 09:50,10000.0,12.0,11.0,200.0,4.0,1026.0,3,400.0,FEW,1100.0,BKN
2015-12-17 10:20,10000.0,12.0,11.0,210.0,6.0,1026.0,3,400.0,FEW,1200.0,BKN
2015-12-17 10:50,10000.0,12.0,11.0,170.0,5.0,1026.0,3,500.0,FEW,5500.0,BKN
2015-12-17 11:20,10000.0,12.0,11.0,180.0,7.0,1026.0,3,500.0,FEW,1600.0,BKN
2015-12-17 11:50,10000.0,12.0,11.0,190.0,7.0,1025.0,3,500.0,FEW,1500.0,BKN
2015-12-17 12:20,10000.0,12.0,11.0,190.0,8.0,1025.0,3,500.0,FEW,1400.0,BKN
2015-12-17 12:50,10000.0,12.0,11.0,180.0,8.0,1025.0,2,500.0,FEW,600.0,BKN
2015-12-17 13:20,10000.0,13.0,12.0,190.0,9.0,1025.0,3,500.0,FEW,1500.0,BKN
2015-12-17 13:50,10000.0,13.0,12.0,190.0,9.0,1025.0,3,500.0,FEW,1700.0,BKN
2015-12-17 14:20,10000.0,13.0,12.0,180.0,7.0,1025.0,2,500.0,FEW,1600.0,BKN
2015-12-17 14:50,10000.0,13.0,11.0,180.0,8.0,1025.0,3,500.0,FEW,11000.0,BKN
2015-12-17 15:20,10000.0,12.0,11.0,170.0,7.0,1024.0,3,400.0,FEW,1600.0,BKN
2015-12-17 15:50,10000.0,12.0,11.0,190.0,8.0,1024.0,3,400.0,FEW,1600.0,BKN
2015-12-17 16:20,10000.0,12.0,11.0,190.0,8.0,1024.0,2,400.0,FEW,8500.0,BKN
2015-12-17 16:50,10000.0,12.0,11.0,190.0,6.0,1024.0,2,400.0,FEW,9000.0,BKN
2015-12-17 17:20,10000.0,12.0,11.0,190.0,5.0,1024.0,2,400.0,FEW,9000.0,BKN
2015-12-17 17:50,10000.0,11.0,11.0,190.0,5.0,1024.0,2,500.0,FEW,14000.0,BKN
2015-12-17 18:20,10000.0,11.0,10.0,,2.0,1024.0,1,400.0,FEW,,
2015-12-17 18:50,10000.0,11.0,10.0,200.0,3.0,1024.0,2,100.0,FEW,30000.0,SCT
2015-12-17 19:20,10000.0,10.0,9.0,190.0,3.0,1024.0,2,100.0,FEW,9000.0,SCT
2015-12-17 19:50,10000.0,10.0,9.0,240.0,3.0,1024.0,2,100.0,FEW,9000.0,SCT
2015-12-17 20:20,10000.0,10.0,9.0,250.0,4.0,1023.0,2,100.0,FEW,12000.0,BKN
2015-12-17 20:50,10000.0,10.0,9.0,210.0,2.0,1023.0,2,100.0,FEW,12000.0,BKN
2015-12-17 21:20,10000.0,9.0,9.0,,1.0,1023.0,2,100.0,FEW,21000.0,BKN
2015-12-17 21:50,10000.0,9.0,9.0,,2.0,1023.0,3,100.0,FEW,21000.0,BKN
2015-12-17 22:20,8000.0,9.0,8.0,280.0,1.0,1023.0,2,300.0,FEW,21000.0,SCT
2015-12-17 22:50,300.0,8.0,8.0,120.0,2.0,1023.0,2,300.0,FEW,15000.0,SCT
2015-12-17 23:20,400.0,8.0,8.0,,1.0,1023.0,2,300.0,FEW,15000.0,SCT
2015-12-17 23:50,800.0,8.0,7.0,,2.0,1022.0,2,300.0,FEW,16000.0,BKN
2015-12-18 00:20,2000.0,8.0,7.0,,2.0,1022.0,2,300.0,FEW,12000.0,BKN
2015-12-18 00:50,4500.0,9.0,8.0,,3.0,1022.0,2,200.0,FEW,11000.0,BKN
2015-12-18 01:20,4500.0,8.0,8.0,240.0,3.0,1022.0,2,200.0,FEW,11000.0,BKN
2015-12-18 01:50,4000.0,8.0,8.0,,2.0,1022.0,2,400.0,SCT,11000.0,BKN
2015-12-18 02:20,4000.0,9.0,9.0,130.0,5.0,1021.0,3,400.0,FEW,11000.0,OVC
2015-12-18 02:50,7000.0,10.0,10.0,230.0,3.0,1021.0,3,400.0,FEW,9000.0,OVC
2015-12-18 03:20,10000.0,10.0,10.0,200.0,6.0,1021.0,2,400.0,FEW,9000.0,OVC
2015-12-18 03:50,10000.0,10.0,10.0,200.0,5.0,1022.0,2,400.0,FEW,10000.0,OVC
2015-12-18 04:20,10000.0,10.0,10.0,190.0,7.0,1022.0,2,3000.0,FEW,11000.0,BKN
2015-12-18 04:50,10000.0,10.0,9.0,200.0,6.0,1022.0,2,3000.0,FEW,9000.0,BKN
2015-12-18 05:20,10000.0,10.0,9.0,210.0,6.0,1022.0,2,2800.0,FEW,9000.0,BKN
2015-12-18 05:50,10000.0,10.0,9.0,200.0,8.0,1022.0,2,2600.0,BKN,8500.0,BKN
2015-12-18 06:20,10000.0,10.0,9.0,190.0,6.0,1022.0,1,2500.0,BKN,,
2015-12-18 06:50,9000.0,10.0,9.0,200.0,5.0,1023.0,3,2400.0,SCT,6000.0,BKN
2015-12-18 07:20,9000.0,10.0,9.0,200.0,8.0,1023.0,2,2400.0,SCT,6500.0,BKN
2015-12-18 07:50,9000.0,10.0,9.0,200.0,8.0,1023.0,2,600.0,FEW,4500.0,BKN
2015-12-18 08:20,10000.0,10.0,9.0,190.0,5.0,1024.0,1,4400.0,BKN,,
2015-12-18 08:50,10000.0,10.0,9.0,200.0,6.0,1024.0,2,900.0,FEW,4700.0,BKN
2015-12-18 09:20,10000.0,10.0,9.0,210.0,7.0,1024.0,2,1800.0,FEW,2700.0,BKN
2015-12-18 09:50,9000.0,10.0,10.0,200.0,11.0,1025.0,2,1700.0,FEW,2400.0,BKN
2015-12-18 10:20,9000.0,11.0,10.0,190.0,8.0,1024.0,2,1300.0,FEW,3100.0,BKN
2015-12-18 10:50,10000.0,11.0,10.0,200.0,8.0,1024.0,2,700.0,FEW,3100.0,BKN
2015-12-18 11:20,10000.0,11.0,10.0,210.0,7.0,1024.0,3,700.0,FEW,2300.0,BKN
2015-12-18 11:50,10000.0,11.0,10.0,200.0,6.0,1024.0,2,700.0,FEW,1000.0,SCT
2015-12-18 12:20,10000.0,12.0,11.0,170.0,4.0,1024.0,3,600.0,FEW,3700.0,BKN
2015-12-18 12:50,10000.0,12.0,10.0,160.0,5.0,1024.0,3,700.0,FEW,3400.0,BKN
2015-12-18 13:20,10000.0,12.0,11.0,180.0,5.0,1024.0,2,700.0,FEW,1500.0,BKN
2015-12-18 13:50,10000.0,12.0,10.0,180.0,6.0,1024.0,3,900.0,FEW,3000.0,BKN
2015-12-18 14:20,10000.0,12.0,10.0,200.0,6.0,1024.0,3,900.0,FEW,3300.0,BKN
2015-12-18 14:50,10000.0,12.0,10.0,210.0,6.0,1024.0,2,1200.0,FEW,3800.0,BKN
2015-12-18 15:20,10000.0,11.0,10.0,170.0,3.0,1025.0,2,1200.0,FEW,3900.0,BKN
2015-12-18 15:50,10000.0,11.0,10.0,190.0,4.0,1025.0,3,1200.0,FEW,3900.0,BKN
2015-12-18 16:20,10000.0,11.0,10.0,190.0,3.0,1025.0,2,2300.0,SCT,3800.0,BKN
2015-12-18 16:50,10000.0,11.0,10.0,210.0,3.0,1025.0,2,2300.0,FEW,3800.0,BKN
2015-12-18 17:20,10000.0,11.0,10.0,190.0,4.0,1025.0,2,3600.0,FEW,3800.0,BKN
2015-12-18 17:50,10000.0,11.0,10.0,200.0,5.0,1025.0,2,2500.0,FEW,3900.0,BKN
2015-12-18 18:20,10000.0,11.0,10.0,200.0,3.0,1025.0,2,2200.0,SCT,3900.0,BKN
2015-12-18 18:50,10000.0,11.0,9.0,200.0,4.0,1025.0,2,2200.0,FEW,3700.0,BKN
2015-12-18 19:20,10000.0,11.0,10.0,210.0,3.0,1025.0,2,2200.0,FEW,3500.0,BKN
2015-12-18 19:50,10000.0,11.0,9.0,200.0,3.0,1025.0,1,3300.0,OVC,,
2015-12-18 20:20,10000.0,10.0,9.0,240.0,3.0,1025.0,1,3000.0,OVC,,
2015-12-18 20:50,10000.0,10.0,9.0,200.0,3.0,1025.0,2,1900.0,FEW,2900.0,OVC
2015-12-18 21:20,10000.0,10.0,9.0,,2.0,1024.0,2,1900.0,FEW,2900.0,OVC
2015-12-18 21:50,10000.0,10.0,9.0,220.0,3.0,1025.0,1,3500.0,BKN,,
2015-12-18 22:20,10000.0,10.0,9.0,,2.0,1024.0,1,3600.0,BKN,,
2015-12-18 22:50,10000.0,10.0,9.0,,2.0,1024.0,1,3600.0,OVC,,
2015-12-18 23:20,10000.0,9.0,9.0,,1.0,1024.0,1,3600.0,OVC,,
2015-12-18 23:50,10000.0,9.0,9.0,,2.0,1024.0,2,2300.0,FEW,3600.0,OVC
2015-12-19 00:20,10000.0,10.0,9.0,220.0,2.0,1024.0,1,2300.0,BKN,,
2015-12-19 00:50,10000.0,10.0,9.0,240.0,2.0,1024.0,1,2000.0,OVC,,
2015-12-19 01:20,10000.0,10.0,9.0,250.0,3.0,1024.0,1,2000.0,OVC,,
2015-12-19 01:50,10000.0,10.0,9.0,,2.0,1024.0,1,1800.0,OVC,,
2015-12-19 02:20,10000.0,10.0,9.0,,2.0,1024.0,1,1700.0,OVC,,
2015-12-19 02:50,10000.0,10.0,9.0,180.0,3.0,1023.0,2,1500.0,SCT,3200.0,BKN
2015-12-19 03:20,10000.0,10.0,9.0,200.0,4.0,1023.0,1,1600.0,BKN,,
2015-12-19 03:50,10000.0,11.0,9.0,190.0,6.0,1023.0,1,1500.0,BKN,,
2015-12-19 04:20,10000.0,10.0,9.0,180.0,6.0,1023.0,2,1500.0,SCT,2400.0,BKN
2015-12-19 04:50,10000.0,10.0,9.0,230.0,5.0,1023.0,2,1500.0,FEW,2500.0,BKN
2015-12-19 05:20,10000.0,10.0,9.0,230.0,3.0,1023.0,2,1600.0,BKN,3400.0,BKN
2015-12-19 05:50,10000.0,10.0,9.0,,2.0,1024.0,2,1600.0,BKN,3400.0,BKN
2015-12-19 06:20,10000.0,10.0,9.0,210.0,2.0,1023.0,1,1500.0,BKN,,
2015-12-19 06:50,10000.0,10.0,9.0,150.0,3.0,1023.0,1,1400.0,BKN,,
2015-12-19 07:20,10000.0,10.0,9.0,230.0,3.0,1024.0,1,1500.0,BKN,,
2015-12-19 07:50,10000.0,10.0,9.0,190.0,3.0,1024.0,1,1400.0,BKN,,
2015-12-19 08:20,10000.0,10.0,9.0,200.0,4.0,1024.0,1,1400.0,BKN,,
2015-12-19 08:50,10000.0,11.0,9.0,190.0,4.0,1024.0,2,1300.0,FEW,1600.0,BKN
2015-12-19 09:20,10000.0,11.0,9.0,170.0,6.0,1024.0,2,800.0,FEW,1500.0,BKN
2015-12-19 09:50,10000.0,11.0,9.0,180.0,5.0,1024.0,2,800.0,FEW,1400.0,BKN
2015-12-19 10:20,10000.0,11.0,9.0,,4.0,1024.0,2,900.0,FEW,1400.0,BKN
2015-12-19 10:50,10000.0,13.0,10.0,180.0,3.0,1024.0,2,1000.0,FEW,1600.0,SCT
2015-12-19 11:20,10000.0,13.0,9.0,210.0,5.0,1024.0,3,1100.0,FEW,2800.0,BKN
2015-12-19 11:50,10000.0,12.0,10.0,200.0,5.0,1024.0,3,1100.0,FEW,2600.0,BKN
2015-12-19 12:20,10000.0,13.0,10.0,170.0,3.0,1023.0,3,1100.0,FEW,2600.0,BKN
2015-12-19 12:50,10000.0,13.0,10.0,180.0,4.0,1023.0,2,1200.0,FEW,2600.0,SCT
2015-12-19 13:20,10000.0,13.0,10.0,170.0,4.0,1023.0,2,1200.0,FEW,1600.0,BKN
2015-12-19 13:50,10000.0,13.0,10.0,190.0,4.0,1023.0,2,1200.0,FEW,1600.0,BKN
2015-12-19 14:20,10000.0,13.0,10.0,,2.0,1023.0,2,1200.0,FEW,1900.0,SCT
2015-12-19 14:50,10000.0,13.0,10.0,170.0,4.0,1023.0,3,1200.0,FEW,25000.0,BKN
2015-12-19 15:20,10000.0,11.0,10.0,150.0,1.0,1023.0,2,1200.0,FEW,25000.0,BKN
2015-12-19 15:50,10000.0,10.0,9.0,0.0,0.0,1023.0,2,1200.0,FEW,25000.0,BKN
2015-12-19 16:20,10000.0,9.0,9.0,150.0,2.0,1023.0,2,1200.0,FEW,25000.0,BKN
2015-12-19 16:50,10000.0,9.0,9.0,,2.0,1023.0,2,1900.0,FEW,25000.0,BKN
2015-12-19 17:20,10000.0,9.0,8.0,,2.0,1023.0,2,1900.0,FEW,25000.0,BKN
2015-12-19 17:50,10000.0,9.0,8.0,60.0,1.0,1023.0,,,,,
2015-12-19 18:20,10000.0,8.0,7.0,,2.0,1023.0,,,,,
2015-12-19 18:50,10000.0,8.0,7.0,,2.0,1022.0,,,,,
2015-12-19 19:20,10000.0,7.0,7.0,,1.0,1022.0,,,,,
2015-12-19 19:50,10000.0,7.0,6.0,,2.0,1022.0,,,,,
2015-12-19 20:20,9000.0,6.0,6.0,,1.0,1022.0,,,,,
2015-12-19 20:50,6000.0,6.0,6.0,,2.0,1022.0,,,,,
2015-12-19 21:20,8000.0,6.0,6.0,90.0,3.0,1022.0,2,100.0,FEW,25000.0,BKN
2015-12-19 21:50,9000.0,7.0,6.0,80.0,3.0,1022.0,,,,,
2015-12-19 22:20,4000.0,7.0,6.0,60.0,3.0,1021.0,,,,,
2015-12-19 22:50,4000.0,6.0,5.0,,2.0,1021.0,,,,,
2015-12-19 23:20,300.0,5.0,4.0,240.0,2.0,1021.0,,,,,
2015-12-19 23:50,600.0,4.0,4.0,,2.0,1021.0,,,,,
2015-12-20 00:20,300.0,4.0,4.0,,1.0,1021.0,,,,,
2015-12-20 00:50,800.0,4.0,3.0,,2.0,1020.0,,,,,
2015-12-20 01:20,300.0,4.0,3.0,320.0,1.0,1020.0,,,,,
2015-12-20 01:50,200.0,4.0,3.0,,1.0,1020.0,,,,,
2015-12-20 02:20,200.0,3.0,3.0,,1.0,1020.0,,,,,
2015-12-20 02:50,200.0,3.0,3.0,,2.0,1020.0,,,,,
2015-12-20 03:20,400.0,4.0,3.0,260.0,3.0,1021.0,,,,,
2015-12-20 03:50,600.0,4.0,3.0,130.0,1.0,1021.0,,,,,
2015-12-20 04:20,150.0,4.0,4.0,,2.0,1021.0,,,,,
2015-12-20 04:50,200.0,4.0,4.0,90.0,2.0,1020.0,,,,,
2015-12-20 05:20,400.0,4.0,4.0,140.0,3.0,1020.0,,,,,
2015-12-20 05:50,200.0,4.0,4.0,190.0,3.0,1021.0,,,,,
2015-12-20 06:20,350.0,4.0,4.0,,2.0,1021.0,,,,,
2015-12-20 06:50,500.0,4.0,3.0,,2.0,1020.0,1,100.0,BKN,,
2015-12-20 07:20,400.0,4.0,3.0,,1.0,1021.0,1,100.0,BKN,,
2015-12-20 07:50,600.0,4.0,4.0,130.0,4.0,1021.0,2,100.0,BKN,25000.0,BKN
2015-12-20 08:20,2200.0,4.0,4.0,,1.0,1021.0,3,100.0,FEW,20000.0,BKN
2015-12-20 08:50,7000.0,4.0,4.0,,1.0,1021.0,3,100.0,FEW,15000.0,BKN
2015-12-20 09:20,10000.0,5.0,5.0,200.0,2.0,1021.0,3,200.0,FEW,25000.0,BKN
2015-12-20 09:50,10000.0,5.0,5.0,230.0,4.0,1021.0,3,200.0,FEW,25000.0,BKN
2015-12-20 10:20,10000.0,6.0,6.0,230.0,5.0,1021.0,3,300.0,FEW,25000.0,BKN
2015-12-20 10:50,10000.0,7.0,7.0,190.0,7.0,1021.0,,,,,
2015-12-20 11:20,10000.0,7.0,7.0,210.0,3.0,1021.0,3,400.0,FEW,25000.0,BKN
2015-12-20 11:50,10000.0,8.0,7.0,200.0,4.0,1021.0,3,400.0,FEW,25000.0,BKN
2015-12-20 12:20,10000.0,8.0,8.0,220.0,5.0,1021.0,3,400.0,FEW,25000.0,BKN
2015-12-20 12:50,10000.0,8.0,7.0,230.0,5.0,1021.0,,,,,
2015-12-20 13:20,10000.0,8.0,8.0,230.0,3.0,1021.0,,,,,
2015-12-20 13:50,10000.0,9.0,8.0,210.0,3.0,1021.0,,,,,
2015-12-20 14:20,10000.0,9.0,8.0,220.0,3.0,1021.0,,,,,
2015-12-20 14:50,10000.0,8.0,7.0,200.0,2.0,1021.0,,,,,
2015-12-20 15:20,10000.0,8.0,7.0,200.0,1.0,1021.0,,,,,
2015-12-20 15:50,10000.0,8.0,7.0,250.0,3.0,1021.0,,,,,
2015-12-20 16:20,10000.0,8.0,7.0,250.0,3.0,1021.0,,,,,
2015-12-20 16:50,10000.0,8.0,7.0,240.0,2.0,1021.0,,,,,
2015-12-20 17:20,10000.0,8.0,7.0,230.0,2.0,1021.0,,,,,
2015-12-20 17:50,10000.0,7.0,6.0,230.0,2.0,1021.0,,,,,
2015-12-20 18:20,10000.0,7.0,6.0,230.0,3.0,1021.0,,,,,
2015-12-20 18:50,10000.0,7.0,7.0,210.0,4.0,1021.0,,,,,
2015-12-20 19:20,10000.0,7.0,6.0,220.0,3.0,1022.0,,,,,
2015-12-20 19:50,10000.0,7.0,7.0,210.0,4.0,1021.0,,,,,
2015-12-20 20:20,10000.0,8.0,7.0,230.0,4.0,1022.0,,,,,
2015-12-20 20:50,10000.0,8.0,7.0,250.0,4.0,1021.0,,,,,
2015-12-20 21:20,10000.0,7.0,6.0,220.0,3.0,1022.0,,,,,
2015-12-20 21:50,10000.0,7.0,6.0,240.0,3.0,1022.0,,,,,
2015-12-20 22:20,10000.0,8.0,7.0,230.0,3.0,1022.0,,,,,
2015-12-20 22:50,10000.0,8.0,7.0,220.0,3.0,1022.0,,,,,
2015-12-20 23:20,10000.0,8.0,7.0,230.0,3.0,1022.0,,,,,
2015-12-20 23:50,10000.0,7.0,6.0,210.0,2.0,1022.0,,,,,
2015-12-21 00:20,10000.0,8.0,7.0,180.0,3.0,1021.0,,,,,
2015-12-21 00:50,10000.0,7.0,7.0,,2.0,1022.0,,,,,
2015-12-21 01:20,10000.0,7.0,7.0,,2.0,1022.0,3,2700.0,SCT,15000.0,BKN
2015-12-21 01:50,10000.0,7.0,7.0,270.0,2.0,1022.0,3,2500.0,SCT,15000.0,BKN
2015-12-21 02:20,10000.0,7.0,7.0,260.0,1.0,1022.0,3,2500.0,SCT,15000.0,BKN
2015-12-21 02:50,10000.0,8.0,7.0,230.0,2.0,1022.0,2,2300.0,SCT,3500.0,BKN
2015-12-21 03:20,10000.0,8.0,7.0,280.0,2.0,1022.0,2,2200.0,SCT,3300.0,BKN
2015-12-21 03:50,3500.0,9.0,8.0,260.0,4.0,1022.0,3,600.0,FEW,4000.0,BKN
2015-12-21 04:20,4500.0,9.0,8.0,190.0,7.0,1022.0,3,800.0,FEW,3900.0,OVC
2015-12-21 04:50,9000.0,9.0,8.0,220.0,9.0,1022.0,3,800.0,FEW,3900.0,OVC
2015-12-21 05:20,10000.0,9.0,8.0,240.0,10.0,1023.0,3,800.0,FEW,4500.0,OVC
2015-12-21 05:50,10000.0,9.0,8.0,230.0,7.0,1023.0,2,800.0,FEW,5500.0,OVC
2015-12-21 06:20,10000.0,9.0,8.0,190.0,6.0,1024.0,3,800.0,FEW,6000.0,OVC
2015-12-21 06:50,10000.0,9.0,8.0,190.0,7.0,1024.0,3,1600.0,FEW,6000.0,OVC
2015-12-21 07:20,10000.0,9.0,8.0,180.0,6.0,1024.0,3,1600.0,FEW,6000.0,OVC
2015-12-21 07:50,10000.0,9.0,7.0,170.0,8.0,1024.0,3,1600.0,FEW,7000.0,BKN
2015-12-21 08:20,10000.0,9.0,8.0,200.0,8.0,1024.0,3,1600.0,FEW,7000.0,BKN
2015-12-21 08:50,10000.0,9.0,7.0,190.0,8.0,1025.0,2,1600.0,FEW,2600.0,BKN
2015-12-21 09:20,10000.0,9.0,7.0,190.0,10.0,1025.0,2,1600.0,FEW,2300.0,BKN
2015-12-21 09:50,10000.0,9.0,7.0,190.0,12.0,1025.0,2,2200.0,FEW,3200.0,BKN
2015-12-21 10:20,10000.0,9.0,7.0,190.0,11.0,1025.0,2,2000.0,FEW,2400.0,BKN
2015-12-21 10:50,10000.0,10.0,8.0,190.0,13.0,1025.0,2,2000.0,FEW,2700.0,BKN
2015-12-21 11:20,10000.0,11.0,7.0,200.0,13.0,1024.0,2,2200.0,FEW,2800.0,BKN
2015-12-21 11:50,10000.0,11.0,7.0,210.0,16.0,1024.0,3,2200.0,FEW,5500.0,BKN
2015-12-21 12:20,10000.0,11.0,7.0,210.0,17.0,1024.0,3,2200.0,FEW,5500.0,BKN
2015-12-21 12:50,10000.0,10.0,7.0,210.0,15.0,1024.0,3,600.0,FEW,4300.0,BKN
2015-12-21 13:20,10000.0,9.0,8.0,230.0,15.0,1024.0,3,600.0,FEW,3400.0,BKN
2015-12-21 13:50,10000.0,10.0,8.0,210.0,11.0,1023.0,3,900.0,FEW,4000.0,SCT
2015-12-21 14:20,10000.0,10.0,7.0,220.0,13.0,1024.0,3,1000.0,FEW,5000.0,SCT
2015-12-21 14:50,10000.0,10.0,7.0,210.0,13.0,1024.0,2,1000.0,FEW,2500.0,FEW
2015-12-21 15:20,10000.0,10.0,7.0,210.0,13.0,1024.0,3,1500.0,FEW,5400.0,SCT
2015-12-21 15:50,10000.0,10.0,7.0,200.0,11.0,1024.0,3,1500.0,FEW,6900.0,SCT
2015-12-21 16:20,10000.0,10.0,7.0,200.0,12.0,1024.0,2,2500.0,FEW,6000.0,BKN
2015-12-21 16:50,10000.0,10.0,7.0,200.0,12.0,1024.0,2,3000.0,FEW,6000.0,BKN
2015-12-21 17:20,10000.0,10.0,6.0,200.0,12.0,1024.0,2,3400.0,FEW,11000.0,SCT
2015-12-21 17:50,10000.0,10.0,6.0,200.0,11.0,1024.0,2,3500.0,FEW,5000.0,BKN
2015-12-21 18:20,10000.0,11.0,6.0,200.0,13.0,1024.0,2,3400.0,FEW,4400.0,BKN
2015-12-21 18:50,10000.0,11.0,6.0,200.0,14.0,1024.0,3,3300.0,FEW,10000.0,BKN
2015-12-21 19:20,10000.0,11.0,6.0,200.0,15.0,1024.0,3,3200.0,SCT,10000.0,BKN
2015-12-21 19:50,10000.0,11.0,6.0,210.0,17.0,1025.0,3,3200.0,FEW,10000.0,BKN
2015-12-21 20:20,10000.0,10.0,7.0,210.0,18.0,1025.0,3,1000.0,FEW,3800.0,BKN
2015-12-21 20:50,10000.0,10.0,8.0,200.0,17.0,1024.0,3,3000.0,FEW,9500.0,BKN
2015-12-21 21:20,10000.0,10.0,7.0,210.0,13.0,1025.0,3,2500.0,FEW,9500.0,BKN
2015-12-21 21:50,10000.0,11.0,7.0,210.0,15.0,1025.0,2,2000.0,FEW,2800.0,BKN
2015-12-21 22:20,10000.0,11.0,7.0,210.0,17.0,1026.0,2,2000.0,FEW,2600.0,BKN
2015-12-21 22:50,10000.0,11.0,7.0,220.0,18.0,1026.0,2,2000.0,FEW,2500.0,BKN
2015-12-21 23:20,10000.0,11.0,7.0,220.0,17.0,1026.0,2,2000.0,FEW,2400.0,BKN
2015-12-21 23:50,8000.0,10.0,8.0,210.0,17.0,1027.0,3,1100.0,FEW,3000.0,OVC
2015-12-22 00:20,10000.0,9.0,8.0,200.0,15.0,1026.0,3,1500.0,FEW,5000.0,BKN
2015-12-22 00:50,10000.0,10.0,8.0,210.0,17.0,1026.0,3,1500.0,FEW,9500.0,BKN
2015-12-22 01:20,10000.0,10.0,8.0,200.0,12.0,1027.0,2,1500.0,FEW,2500.0,BKN
2015-12-22 01:50,10000.0,10.0,8.0,200.0,11.0,1027.0,2,1500.0,FEW,2600.0,BKN
2015-12-22 02:20,10000.0,10.0,8.0,190.0,9.0,1027.0,2,1500.0,FEW,2600.0,BKN
2015-12-22 02:50,10000.0,10.0,8.0,200.0,11.0,1027.0,2,2000.0,BKN,2700.0,BKN
2015-12-22 03:20,10000.0,10.0,8.0,200.0,11.0,1027.0,2,1500.0,FEW,2100.0,BKN
2015-12-22 03:50,10000.0,10.0,7.0,200.0,12.0,1027.0,2,1500.0,FEW,2000.0,BKN
2015-12-22 04:20,10000.0,10.0,7.0,200.0,11.0,1027.0,2,1500.0,FEW,1900.0,BKN
2015-12-22 04:50,10000.0,10.0,7.0,200.0,14.0,1026.0,2,1500.0,FEW,2000.0,BKN
2015-12-22 05:20,10000.0,10.0,8.0,200.0,14.0,1027.0,2,1500.0,FEW,2000.0,BKN
2015-12-22 05:50,10000.0,10.0,8.0,200.0,13.0,1026.0,3,1500.0,FEW,2800.0,BKN
2015-12-22 06:20,10000.0,10.0,8.0,200.0,12.0,1027.0,2,1500.0,FEW,2200.0,OVC
2015-12-22 06:50,10000.0,10.0,8.0,200.0,11.0,1027.0,2,1500.0,FEW,2100.0,OVC
2015-12-22 07:20,10000.0,10.0,8.0,200.0,13.0,1027.0,2,1500.0,FEW,2100.0,OVC
2015-12-22 07:50,10000.0,10.0,8.0,200.0,14.0,1027.0,1,2200.0,OVC,,
2015-12-22 08:20,10000.0,11.0,8.0,200.0,12.0,1027.0,1,2600.0,BKN,,
2015-12-22 08:50,10000.0,11.0,7.0,200.0,14.0,1027.0,1,2800.0,BKN,,
2015-12-22 09:20,10000.0,12.0,7.0,200.0,15.0,1027.0,1,2900.0,BKN,,
2015-12-22 09:50,10000.0,12.0,7.0,210.0,12.0,1027.0,2,3100.0,SCT,6000.0,BKN
2015-12-22 10:20,10000.0,12.0,7.0,210.0,13.0,1027.0,2,3100.0,FEW,25000.0,BKN
2015-12-22 10:50,10000.0,13.0,7.0,200.0,15.0,1026.0,2,3100.0,FEW,25000.0,BKN
2015-12-22 11:20,10000.0,14.0,7.0,210.0,17.0,1026.0,2,3100.0,FEW,27000.0,BKN
2015-12-22 11:50,10000.0,13.0,7.0,210.0,16.0,1026.0,2,3500.0,FEW,27000.0,BKN
2015-12-22 12:20,10000.0,14.0,7.0,210.0,18.0,1026.0,2,4200.0,SCT,25000.0,BKN
2015-12-22 12:50,10000.0,13.0,6.0,210.0,19.0,1026.0,2,4200.0,SCT,25000.0,BKN
2015-12-22 13:20,10000.0,13.0,6.0,220.0,14.0,1025.0,2,3500.0,FEW,25000.0,BKN
2015-12-22 13:50,10000.0,13.0,6.0,200.0,12.0,1025.0,2,4500.0,FEW,25000.0,BKN
2015-12-22 14:20,10000.0,13.0,6.0,200.0,13.0,1025.0,2,4000.0,SCT,25000.0,BKN
2015-12-22 14:50,10000.0,13.0,6.0,200.0,13.0,1026.0,2,4000.0,BKN,25000.0,BKN
2015-12-22 15:20,10000.0,13.0,6.0,210.0,12.0,1026.0,2,3400.0,BKN,25000.0,BKN
2015-12-22 15:50,10000.0,13.0,6.0,210.0,13.0,1025.0,2,3300.0,SCT,25000.0,BKN
2015-12-22 16:20,10000.0,12.0,5.0,210.0,13.0,1025.0,2,3300.0,FEW,25000.0,BKN
2015-12-22 16:50,10000.0,12.0,6.0,210.0,14.0,1025.0,2,3600.0,FEW,25000.0,BKN
2015-12-22 17:20,10000.0,12.0,5.0,210.0,10.0,1025.0,2,3600.0,SCT,25000.0,BKN
2015-12-22 17:50,10000.0,11.0,5.0,210.0,10.0,1025.0,3,3600.0,FEW,23000.0,BKN
2015-12-22 18:20,10000.0,11.0,5.0,200.0,8.0,1025.0,2,3600.0,FEW,22000.0,BKN
2015-12-22 18:50,10000.0,11.0,6.0,190.0,9.0,1025.0,2,3600.0,FEW,22000.0,BKN
2015-12-22 19:20,10000.0,10.0,6.0,200.0,7.0,1025.0,,,,,
2015-12-22 19:50,10000.0,10.0,6.0,200.0,8.0,1025.0,,,,,
2015-12-22 20:20,10000.0,10.0,6.0,200.0,7.0,1025.0,,,,,
2015-12-22 20:50,10000.0,10.0,5.0,200.0,7.0,1025.0,,,,,
2015-12-22 21:20,10000.0,10.0,5.0,190.0,10.0,1025.0,,,,,
2015-12-22 21:50,10000.0,9.0,5.0,180.0,8.0,1024.0,2,3900.0,FEW,25000.0,BKN
2015-12-22 22:20,10000.0,8.0,5.0,170.0,7.0,1024.0,,,,,
2015-12-22 22:50,10000.0,9.0,5.0,190.0,7.0,1024.0,,,,,
2015-12-22 23:20,10000.0,9.0,5.0,190.0,8.0,1024.0,,,,,
2015-12-22 23:50,10000.0,9.0,5.0,190.0,7.0,1024.0,,,,,
2015-12-23 00:20,10000.0,9.0,5.0,200.0,9.0,1024.0,,,,,
2015-12-23 00:50,10000.0,8.0,5.0,200.0,9.0,1024.0,,,,,
2015-12-23 01:20,10000.0,8.0,5.0,200.0,9.0,1024.0,,,,,
2015-12-23 01:50,10000.0,8.0,5.0,200.0,9.0,1024.0,,,,,
2015-12-23 02:20,10000.0,8.0,6.0,190.0,9.0,1024.0,,,,,
2015-12-23 02:50,10000.0,9.0,6.0,200.0,8.0,1023.0,,,,,
2015-12-23 03:20,10000.0,9.0,5.0,200.0,9.0,1023.0,,,,,
2015-12-23 03:50,10000.0,9.0,6.0,200.0,15.0,1023.0,1,3000.0,FEW,,
2015-12-23 04:20,10000.0,9.0,6.0,200.0,14.0,1023.0,,,,,
2015-12-23 04:50,10000.0,9.0,6.0,200.0,11.0,1024.0,1,2700.0,BKN,,
2015-12-23 05:20,10000.0,9.0,6.0,170.0,11.0,1024.0,1,2700.0,BKN,,
2015-12-23 05:50,10000.0,10.0,6.0,160.0,6.0,1024.0,1,2900.0,BKN,,
2015-12-23 06:20,10000.0,10.0,6.0,180.0,6.0,1024.0,1,2700.0,BKN,,
2015-12-23 06:50,10000.0,10.0,6.0,200.0,8.0,1024.0,2,1600.0,FEW,2800.0,BKN
2015-12-23 07:20,10000.0,10.0,7.0,200.0,10.0,1025.0,2,1600.0,FEW,2500.0,BKN
2015-12-23 07:50,10000.0,10.0,7.0,210.0,10.0,1025.0,2,1200.0,FEW,2500.0,BKN
2015-12-23 08:20,10000.0,11.0,7.0,210.0,9.0,1026.0,2,1200.0,FEW,2500.0,BKN
2015-12-23 08:50,10000.0,11.0,7.0,220.0,14.0,1026.0,2,1800.0,FEW,2000.0,BKN
2015-12-23 09:20,10000.0,11.0,7.0,220.0,14.0,1027.0,2,1700.0,FEW,2000.0,BKN
2015-12-23 09:50,10000.0,11.0,7.0,210.0,13.0,1027.0,2,1600.0,FEW,2000.0,BKN
2015-12-23 10:20,10000.0,11.0,7.0,210.0,12.0,1027.0,2,1600.0,FEW,1900.0,BKN
2015-12-23 10:50,10000.0,11.0,8.0,210.0,11.0,1027.0,2,1600.0,FEW,1800.0,BKN
2015-12-23 11:20,10000.0,11.0,8.0,220.0,10.0,1027.0,2,1600.0,FEW,1800.0,BKN
2015-12-23 11:50,10000.0,11.0,8.0,200.0,12.0,1027.0,1,1700.0,BKN,,
2015-12-23 12:20,10000.0,11.0,8.0,210.0,11.0,1027.0,3,1500.0,FEW,2200.0,BKN
2015-12-23 12:50,10000.0,11.0,8.0,200.0,11.0,1027.0,2,1300.0,FEW,2100.0,SCT
2015-12-23 13:20,10000.0,12.0,8.0,210.0,10.0,1027.0,1,1600.0,FEW,,
2015-12-23 13:50,10000.0,12.0,8.0,220.0,11.0,1027.0,1,1700.0,FEW,,
2015-12-23 14:20,10000.0,12.0,8.0,220.0,14.0,1028.0,1,1900.0,FEW,,
2015-12-23 14:50,10000.0,11.0,8.0,200.0,8.0,1028.0,1,1900.0,FEW,,
2015-12-23 15:20,10000.0,11.0,7.0,200.0,8.0,1028.0,1,2000.0,FEW,,
2015-12-23 15:50,10000.0,10.0,7.0,190.0,7.0,1029.0,1,1600.0,FEW,,
2015-12-23 16:20,10000.0,9.0,7.0,200.0,8.0,1029.0,1,1600.0,FEW,,
2015-12-23 16:50,10000.0,9.0,7.0,190.0,8.0,1029.0,1,3500.0,FEW,,
2015-12-23 17:20,10000.0,8.0,7.0,200.0,6.0,1029.0,1,4300.0,FEW,,
2015-12-23 17:50,10000.0,8.0,6.0,200.0,5.0,1029.0,,,,,
2015-12-23 18:20,10000.0,7.0,6.0,200.0,5.0,1029.0,,,,,
2015-12-23 18:50,10000.0,6.0,5.0,150.0,3.0,1029.0,,,,,
2015-12-23 19:20,10000.0,6.0,5.0,200.0,5.0,1029.0,,,,,
2015-12-23 19:50,9000.0,6.0,6.0,210.0,4.0,1029.0,1,100.0,FEW,,
2015-12-23 20:20,8000.0,6.0,5.0,170.0,3.0,1029.0,1,100.0,FEW,,
2015-12-23 20:50,800.0,7.0,7.0,190.0,7.0,1029.0,1,100.0,BKN,,
2015-12-23 21:20,300.0,7.0,7.0,200.0,3.0,1029.0,,,,,
2015-12-23 21:50,300.0,7.0,7.0,200.0,4.0,1029.0,,,,,
2015-12-23 22:20,300.0,7.0,7.0,220.0,6.0,1029.0,,,,,
2015-12-23 22:50,400.0,7.0,6.0,210.0,5.0,1029.0,,,,,
2015-12-23 23:20,300.0,6.0,6.0,,2.0,1029.0,,,,,
2015-12-23 23:50,300.0,6.0,6.0,,2.0,1028.0,,,,,
2015-12-24 00:20,300.0,6.0,6.0,,2.0,1028.0,,,,,
2015-12-24 00:50,300.0,6.0,6.0,,2.0,1028.0,,,,,
2015-12-24 01:20,300.0,6.0,6.0,,1.0,1027.0,,,,,
2015-12-24 01:50,400.0,6.0,6.0,20.0,2.0,1027.0,2,100.0,BKN,800.0,BKN
2015-12-24 02:20,1400.0,7.0,6.0,40.0,4.0,1027.0,2,100.0,BKN,600.0,BKN
2015-12-24 02:50,800.0,7.0,7.0,80.0,4.0,1027.0,2,100.0,BKN,300.0,BKN
2015-12-24 03:20,300.0,7.0,7.0,80.0,3.0,1027.0,,,,,
2015-12-24 03:50,400.0,7.0,7.0,50.0,2.0,1026.0,1,100.0,BKN,,
2015-12-24 04:20,800.0,7.0,6.0,350.0,3.0,1026.0,2,100.0,SCT,2100.0,BKN
2015-12-24 04:50,700.0,6.0,6.0,,2.0,1026.0,2,100.0,SCT,2200.0,SCT
2015-12-24 05:20,300.0,6.0,6.0,,1.0,1026.0,2,100.0,FEW,2000.0,BKN
2015-12-24 05:50,1300.0,6.0,6.0,280.0,3.0,1026.0,3,500.0,FEW,4500.0,BKN
2015-12-24 06:20,700.0,6.0,6.0,,1.0,1025.0,3,600.0,SCT,11000.0,BKN
2015-12-24 06:50,3500.0,6.0,6.0,120.0,3.0,1025.0,2,400.0,FEW,8000.0,BKN
2015-12-24 07:20,5000.0,6.0,6.0,280.0,3.0,1025.0,1,400.0,BKN,,
2015-12-24 07:50,5000.0,7.0,6.0,,2.0,1025.0,1,400.0,OVC,,
2015-12-24 08:20,4000.0,7.0,6.0,,1.0,1025.0,2,200.0,FEW,400.0,BKN
2015-12-24 08:50,3000.0,7.0,7.0,,2.0,1025.0,3,100.0,FEW,12000.0,BKN
2015-12-24 09:20,3500.0,7.0,7.0,,2.0,1025.0,3,100.0,FEW,7000.0,BKN
2015-12-24 09:50,6000.0,8.0,8.0,140.0,3.0,1025.0,2,200.0,FEW,7000.0,BKN
2015-12-24 10:20,7000.0,9.0,9.0,,2.0,1024.0,2,200.0,FEW,6000.0,BKN
2015-12-24 10:50,10000.0,11.0,10.0,180.0,5.0,1024.0,2,300.0,FEW,6000.0,BKN
2015-12-24 11:20,10000.0,12.0,9.0,170.0,9.0,1024.0,1,500.0,FEW,,
2015-12-24 11:50,10000.0,12.0,9.0,180.0,9.0,1023.0,1,1000.0,FEW,,
2015-12-24 12:20,10000.0,12.0,9.0,180.0,9.0,1023.0,2,1200.0,FEW,6000.0,SCT
2015-12-24 12:50,10000.0,12.0,9.0,180.0,8.0,1023.0,2,1200.0,FEW,3100.0,SCT
2015-12-24 13:20,10000.0,12.0,8.0,180.0,10.0,1022.0,1,1500.0,FEW,,
2015-12-24 13:50,10000.0,13.0,8.0,180.0,9.0,1022.0,1,1500.0,FEW,,
2015-12-24 14:20,10000.0,12.0,8.0,170.0,6.0,1022.0,1,3600.0,FEW,,
2015-12-24 14:50,10000.0,12.0,8.0,180.0,8.0,1022.0,1,3500.0,SCT,,
2015-12-24 15:20,10000.0,12.0,8.0,190.0,5.0,1022.0,2,3500.0,FEW,13000.0,SCT
2015-12-24 15:50,10000.0,12.0,8.0,190.0,6.0,1023.0,2,3800.0,SCT,12000.0,SCT
2015-12-24 16:20,10000.0,12.0,8.0,180.0,8.0,1023.0,2,3800.0,FEW,11000.0,SCT
2015-12-24 16:50,10000.0,12.0,8.0,180.0,9.0,1023.0,2,3800.0,FEW,10000.0,SCT
2015-12-24 17:20,10000.0,11.0,8.0,190.0,8.0,1023.0,1,3500.0,FEW,,
2015-12-24 17:50,10000.0,11.0,7.0,190.0,7.0,1023.0,2,3500.0,FEW,11000.0,BKN
2015-12-24 18:20,10000.0,11.0,7.0,190.0,7.0,1023.0,2,3800.0,FEW,11000.0,BKN
2015-12-24 18:50,10000.0,11.0,7.0,190.0,6.0,1024.0,3,3800.0,FEW,11000.0,BKN
2015-12-24 19:20,10000.0,11.0,7.0,180.0,5.0,1023.0,3,3800.0,FEW,8500.0,BKN
2015-12-24 19:50,10000.0,10.0,6.0,,2.0,1024.0,3,3800.0,FEW,25000.0,BKN
2015-12-24 20:20,10000.0,11.0,7.0,200.0,5.0,1024.0,2,3800.0,FEW,4700.0,BKN
2015-12-24 20:50,10000.0,11.0,7.0,190.0,9.0,1024.0,2,3800.0,FEW,4700.0,SCT
2015-12-24 21:20,10000.0,11.0,7.0,200.0,10.0,1024.0,2,3800.0,FEW,4600.0,SCT
2015-12-24 21:50,10000.0,11.0,7.0,200.0,8.0,1024.0,2,4400.0,FEW,7000.0,BKN
2015-12-24 22:20,10000.0,11.0,7.0,200.0,12.0,1024.0,3,4000.0,SCT,17000.0,BKN
2015-12-24 22:50,10000.0,12.0,7.0,200.0,12.0,1025.0,1,4000.0,BKN,,
2015-12-24 23:20,10000.0,11.0,7.0,200.0,11.0,1025.0,2,4000.0,SCT,7500.0,BKN
2015-12-24 23:50,10000.0,11.0,8.0,210.0,10.0,1025.0,2,3000.0,SCT,4000.0,BKN
2015-12-25 00:20,10000.0,12.0,7.0,200.0,14.0,1025.0,3,3000.0,FEW,7000.0,BKN
2015-12-25 00:50,10000.0,12.0,7.0,200.0,13.0,1025.0,3,3000.0,FEW,7500.0,BKN
2015-12-25 01:20,10000.0,12.0,7.0,210.0,11.0,1026.0,3,3000.0,FEW,7500.0,BKN
2015-12-25 01:50,10000.0,12.0,7.0,200.0,11.0,1026.0,3,3000.0,FEW,8500.0,BKN
2015-12-25 02:20,10000.0,12.0,7.0,210.0,10.0,1026.0,3,3000.0,FEW,8500.0,BKN
2015-12-25 02:50,10000.0,12.0,7.0,210.0,9.0,1026.0,3,3000.0,FEW,7500.0,BKN
2015-12-25 03:20,10000.0,12.0,8.0,210.0,10.0,1026.0,2,3000.0,FEW,5500.0,BKN
2015-12-25 03:50,10000.0,12.0,8.0,210.0,10.0,1027.0,3,3000.0,FEW,6500.0,BKN
2015-12-25 04:20,10000.0,11.0,8.0,210.0,9.0,1027.0,3,3000.0,FEW,6500.0,BKN
2015-12-25 04:50,10000.0,11.0,8.0,200.0,8.0,1027.0,3,2500.0,FEW,6500.0,BKN
2015-12-25 05:20,10000.0,11.0,8.0,200.0,9.0,1028.0,3,2500.0,FEW,6500.0,BKN
2015-12-25 05:50,10000.0,11.0,8.0,200.0,9.0,1028.0,2,3000.0,SCT,6000.0,BKN
2015-12-25 06:20,10000.0,11.0,8.0,210.0,10.0,1028.0,3,2700.0,FEW,6000.0,BKN
2015-12-25 06:50,10000.0,11.0,8.0,200.0,8.0,1028.0,2,2600.0,SCT,3500.0,BKN
2015-12-25 07:20,10000.0,10.0,9.0,210.0,8.0,1029.0,2,2600.0,FEW,3500.0,BKN
2015-12-25 07:50,10000.0,10.0,9.0,210.0,8.0,1029.0,2,1800.0,FEW,3300.0,BKN
2015-12-25 08:20,10000.0,10.0,9.0,220.0,8.0,1029.0,3,1800.0,FEW,3300.0,BKN
2015-12-25 08:50,9000.0,10.0,9.0,230.0,8.0,1029.0,1,2300.0,BKN,,
2015-12-25 09:20,10000.0,10.0,9.0,240.0,6.0,1029.0,3,600.0,FEW,3400.0,BKN
2015-12-25 09:50,10000.0,11.0,9.0,210.0,5.0,1030.0,3,600.0,FEW,4300.0,BKN
2015-12-25 10:20,10000.0,11.0,9.0,190.0,5.0,1029.0,3,800.0,FEW,4300.0,BKN
2015-12-25 10:50,10000.0,11.0,9.0,190.0,5.0,1029.0,2,900.0,FEW,4500.0,BKN
2015-12-25 11:20,10000.0,12.0,9.0,190.0,5.0,1029.0,2,1000.0,FEW,4500.0,BKN
2015-12-25 11:50,10000.0,12.0,9.0,200.0,5.0,1029.0,2,1000.0,FEW,4500.0,BKN
2015-12-25 12:20,10000.0,12.0,9.0,210.0,4.0,1029.0,3,2400.0,FEW,6000.0,BKN
2015-12-25 12:50,10000.0,13.0,9.0,210.0,6.0,1028.0,3,2000.0,FEW,6000.0,BKN
2015-12-25 13:20,10000.0,13.0,9.0,210.0,6.0,1028.0,3,2000.0,FEW,6000.0,BKN
2015-12-25 13:50,10000.0,13.0,9.0,220.0,6.0,1028.0,2,2000.0,FEW,5500.0,BKN
2015-12-25 14:20,10000.0,13.0,9.0,220.0,11.0,1028.0,2,2000.0,FEW,5500.0,BKN
2015-12-25 14:50,10000.0,13.0,8.0,220.0,13.0,1028.0,2,2500.0,FEW,11000.0,BKN
2015-12-25 15:20,10000.0,13.0,8.0,220.0,11.0,1028.0,3,2500.0,FEW,9000.0,BKN
2015-12-25 15:50,10000.0,13.0,8.0,220.0,8.0,1028.0,3,2500.0,FEW,11000.0,BKN
2015-12-25 16:20,10000.0,13.0,9.0,200.0,6.0,1028.0,3,3000.0,FEW,11000.0,BKN
2015-12-25 16:50,10000.0,13.0,9.0,200.0,9.0,1028.0,3,2500.0,FEW,10000.0,BKN
2015-12-25 17:20,10000.0,13.0,8.0,210.0,9.0,1028.0,2,4200.0,FEW,10000.0,BKN
2015-12-25 17:50,10000.0,13.0,8.0,200.0,10.0,1028.0,3,4400.0,FEW,12000.0,BKN
2015-12-25 18:20,10000.0,13.0,8.0,200.0,7.0,1029.0,1,3500.0,BKN,,
2015-12-25 18:50,10000.0,13.0,8.0,200.0,7.0,1029.0,1,3600.0,BKN,,
2015-12-25 19:20,10000.0,13.0,8.0,190.0,8.0,1029.0,2,4000.0,BKN,12000.0,BKN
2015-12-25 19:50,10000.0,13.0,8.0,210.0,7.0,1029.0,2,3800.0,BKN,12000.0,BKN
2015-12-25 20:20,10000.0,12.0,8.0,210.0,5.0,1029.0,3,3500.0,FEW,17000.0,BKN
2015-12-25 20:50,10000.0,12.0,8.0,200.0,7.0,1029.0,3,3500.0,FEW,18000.0,BKN
2015-12-25 21:20,10000.0,12.0,8.0,200.0,7.0,1029.0,3,3500.0,FEW,18000.0,BKN
2015-12-25 21:50,10000.0,12.0,8.0,200.0,8.0,1029.0,2,3500.0,FEW,11000.0,SCT
2015-12-25 22:20,10000.0,12.0,8.0,210.0,9.0,1029.0,2,3500.0,FEW,25000.0,SCT
2015-12-25 22:50,10000.0,12.0,7.0,210.0,11.0,1029.0,,,,,
2015-12-25 23:20,10000.0,11.0,7.0,210.0,12.0,1029.0,,,,,
2015-12-25 23:50,10000.0,12.0,7.0,200.0,11.0,1029.0,,,,,
2015-12-26 00:20,10000.0,11.0,7.0,200.0,10.0,1029.0,,,,,
2015-12-26 00:50,10000.0,11.0,7.0,190.0,11.0,1029.0,,,,,
2015-12-26 01:20,10000.0,11.0,7.0,190.0,11.0,1029.0,,,,,
2015-12-26 01:50,10000.0,10.0,7.0,200.0,9.0,1029.0,,,,,
2015-12-26 02:20,10000.0,11.0,7.0,200.0,10.0,1029.0,,,,,
2015-12-26 02:50,10000.0,11.0,7.0,200.0,8.0,1029.0,,,,,
2015-12-26 03:20,10000.0,10.0,7.0,190.0,7.0,1029.0,,,,,
2015-12-26 03:50,10000.0,10.0,7.0,200.0,6.0,1029.0,,,,,
2015-12-26 04:20,10000.0,10.0,7.0,200.0,5.0,1029.0,,,,,
2015-12-26 04:50,10000.0,10.0,7.0,190.0,7.0,1029.0,,,,,
2015-12-26 05:20,10000.0,10.0,7.0,200.0,7.0,1029.0,,,,,
2015-12-26 05:50,10000.0,10.0,7.0,200.0,9.0,1029.0,2,4500.0,FEW,15000.0,SCT
2015-12-26 06:20,10000.0,10.0,7.0,200.0,9.0,1029.0,2,4500.0,FEW,25000.0,BKN
2015-12-26 06:50,10000.0,9.0,7.0,210.0,10.0,1029.0,,,,,
2015-12-26 07:20,10000.0,9.0,7.0,210.0,11.0,1029.0,,,,,
2015-12-26 07:50,10000.0,9.0,7.0,210.0,9.0,1029.0,,,,,
2015-12-26 08:20,10000.0,9.0,7.0,210.0,9.0,1029.0,,,,,
2015-12-26 08:50,10000.0,10.0,7.0,200.0,10.0,1029.0,2,1500.0,FEW,25000.0,BKN
2015-12-26 09:20,10000.0,10.0,7.0,210.0,11.0,1029.0,2,1500.0,FEW,25000.0,BKN
2015-12-26 09:50,10000.0,10.0,7.0,210.0,11.0,1029.0,2,1500.0,FEW,25000.0,BKN
2015-12-26 10:20,10000.0,11.0,7.0,210.0,11.0,1029.0,2,1600.0,FEW,25000.0,BKN
2015-12-26 10:50,10000.0,12.0,7.0,210.0,13.0,1029.0,2,1600.0,FEW,25000.0,BKN
2015-12-26 11:20,10000.0,12.0,8.0,210.0,12.0,1029.0,2,1600.0,FEW,25000.0,SCT
2015-12-26 11:50,10000.0,13.0,8.0,210.0,12.0,1028.0,1,2000.0,FEW,,
2015-12-26 12:20,10000.0,13.0,8.0,210.0,11.0,1028.0,1,2000.0,FEW,,
2015-12-26 12:50,10000.0,13.0,8.0,210.0,12.0,1028.0,1,2000.0,FEW,,
2015-12-26 13:20,10000.0,13.0,8.0,200.0,10.0,1027.0,1,2000.0,FEW,,
2015-12-26 13:50,10000.0,13.0,8.0,190.0,9.0,1027.0,1,2000.0,FEW,,
2015-12-26 14:20,10000.0,13.0,9.0,200.0,9.0,1027.0,1,2000.0,FEW,,
2015-12-26 14:50,10000.0,13.0,8.0,220.0,10.0,1027.0,1,2000.0,FEW,,
2015-12-26 15:20,10000.0,12.0,8.0,230.0,9.0,1028.0,1,1600.0,FEW,,
2015-12-26 15:50,10000.0,11.0,8.0,240.0,9.0,1028.0,1,1600.0,FEW,,
2015-12-26 16:20,10000.0,11.0,7.0,220.0,8.0,1028.0,,,,,
2015-12-26 16:50,10000.0,10.0,7.0,220.0,8.0,1028.0,,,,,
2015-12-26 17:20,10000.0,10.0,7.0,190.0,8.0,1028.0,,,,,
2015-12-26 17:50,10000.0,9.0,7.0,210.0,7.0,1028.0,,,,,
2015-12-26 18:20,10000.0,8.0,7.0,200.0,7.0,1028.0,,,,,
2015-12-26 18:50,10000.0,8.0,7.0,190.0,4.0,1028.0,1,2500.0,FEW,,
2015-12-26 19:20,10000.0,8.0,7.0,180.0,7.0,1028.0,1,2200.0,FEW,,
2015-12-26 19:50,10000.0,8.0,6.0,180.0,6.0,1028.0,1,1900.0,SCT,,
2015-12-26 20:20,10000.0,8.0,7.0,200.0,6.0,1028.0,1,1700.0,SCT,,
2015-12-26 20:50,10000.0,8.0,7.0,190.0,7.0,1028.0,1,1500.0,BKN,,
2015-12-26 21:20,10000.0,8.0,7.0,190.0,6.0,1028.0,1,1500.0,BKN,,
2015-12-26 21:50,10000.0,7.0,6.0,190.0,7.0,1028.0,2,1400.0,SCT,30000.0,BKN
2015-12-26 22:20,10000.0,6.0,5.0,180.0,5.0,1028.0,2,1400.0,FEW,30000.0,BKN
2015-12-26 22:50,10000.0,5.0,5.0,160.0,5.0,1028.0,2,1400.0,FEW,30000.0,BKN
2015-12-26 23:20,10000.0,5.0,5.0,150.0,3.0,1028.0,2,1400.0,FEW,30000.0,BKN
2015-12-26 23:50,10000.0,5.0,5.0,190.0,5.0,1028.0,2,1400.0,FEW,30000.0,BKN
2015-12-27 00:20,10000.0,6.0,5.0,210.0,5.0,1028.0,2,1400.0,FEW,30000.0,BKN
2015-12-27 00:50,10000.0,5.0,4.0,200.0,5.0,1028.0,2,1300.0,FEW,30000.0,BKN
2015-12-27 01:20,10000.0,4.0,3.0,210.0,4.0,1028.0,3,1300.0,FEW,30000.0,BKN
2015-12-27 01:50,6000.0,4.0,4.0,210.0,4.0,1028.0,3,100.0,FEW,30000.0,BKN
2015-12-27 02:20,4500.0,4.0,3.0,180.0,6.0,1028.0,2,100.0,FEW,30000.0,BKN
2015-12-27 02:50,6000.0,4.0,3.0,190.0,5.0,1028.0,3,100.0,FEW,30000.0,BKN
2015-12-27 03:20,7000.0,5.0,5.0,210.0,5.0,1028.0,3,100.0,FEW,30000.0,BKN
2015-12-27 03:50,6000.0,5.0,4.0,210.0,5.0,1028.0,2,100.0,FEW,30000.0,BKN
2015-12-27 04:20,6000.0,4.0,4.0,200.0,5.0,1028.0,2,100.0,FEW,30000.0,BKN
2015-12-27 04:50,6000.0,5.0,4.0,230.0,4.0,1028.0,2,100.0,FEW,30000.0,BKN
2015-12-27 05:20,6000.0,4.0,4.0,220.0,4.0,1028.0,2,100.0,FEW,30000.0,BKN
2015-12-27 05:50,5000.0,4.0,4.0,220.0,7.0,1028.0,2,100.0,FEW,30000.0,BKN
2015-12-27 06:20,5000.0,4.0,4.0,210.0,7.0,1028.0,2,100.0,FEW,30000.0,BKN
2015-12-27 06:50,5000.0,5.0,4.0,220.0,6.0,1028.0,,,,,
2015-12-27 07:20,6000.0,5.0,4.0,210.0,6.0,1028.0,,,,,
2015-12-27 07:50,8000.0,5.0,4.0,190.0,5.0,1029.0,,,,,
2015-12-27 08:20,9000.0,5.0,4.0,210.0,5.0,1029.0,,,,,
2015-12-27 08:50,10000.0,6.0,5.0,210.0,7.0,1029.0,,,,,
2015-12-27 09:20,10000.0,6.0,5.0,190.0,7.0,1029.0,,,,,
2015-12-27 09:50,10000.0,7.0,5.0,200.0,8.0,1029.0,,,,,
2015-12-27 10:20,10000.0,8.0,6.0,220.0,8.0,1030.0,,,,,
2015-12-27 10:50,10000.0,8.0,6.0,210.0,9.0,1030.0,,,,,
2015-12-27 11:20,10000.0,9.0,6.0,210.0,9.0,1030.0,,,,,
2015-12-27 11:50,10000.0,10.0,6.0,210.0,8.0,1029.0,,,,,
2015-12-27 12:20,10000.0,11.0,7.0,220.0,9.0,1029.0,2,2000.0,FEW,30000.0,BKN
2015-12-27 12:50,10000.0,11.0,7.0,200.0,10.0,1029.0,2,3000.0,FEW,30000.0,BKN
2015-12-27 13:20,10000.0,12.0,7.0,210.0,9.0,1029.0,2,3000.0,FEW,30000.0,BKN
2015-12-27 13:50,10000.0,12.0,7.0,210.0,8.0,1029.0,,,,,
2015-12-27 14:20,10000.0,11.0,7.0,200.0,7.0,1029.0,,,,,
2015-12-27 14:50,10000.0,11.0,7.0,200.0,8.0,1029.0,,,,,
2015-12-27 15:20,10000.0,9.0,7.0,200.0,9.0,1030.0,2,4400.0,FEW,30000.0,BKN
2015-12-27 15:50,10000.0,8.0,6.0,200.0,8.0,1030.0,,,,,
2015-12-27 16:20,10000.0,9.0,7.0,190.0,6.0,1030.0,,,,,
2015-12-27 16:50,10000.0,8.0,6.0,190.0,7.0,1030.0,,,,,
2015-12-27 17:20,10000.0,8.0,6.0,200.0,6.0,1030.0,,,,,
2015-12-27 17:50,10000.0,8.0,6.0,190.0,6.0,1030.0,,,,,
2015-12-27 18:20,10000.0,8.0,6.0,210.0,6.0,1030.0,,,,,
2015-12-27 18:50,10000.0,7.0,6.0,210.0,6.0,1031.0,,,,,
2015-12-27 19:20,10000.0,6.0,4.0,190.0,5.0,1031.0,,,,,
2015-12-27 19:50,10000.0,5.0,4.0,250.0,4.0,1031.0,,,,,
2015-12-27 20:20,10000.0,5.0,5.0,210.0,4.0,1031.0,,,,,
2015-12-27 20:50,10000.0,5.0,4.0,160.0,3.0,1031.0,,,,,
2015-12-27 21:20,10000.0,4.0,3.0,,2.0,1031.0,,,,,
2015-12-27 21:50,10000.0,3.0,3.0,250.0,2.0,1031.0,,,,,
2015-12-27 22:20,10000.0,3.0,3.0,,1.0,1031.0,,,,,
2015-12-27 22:50,10000.0,3.0,2.0,230.0,3.0,1031.0,,,,,
2015-12-27 23:20,8000.0,2.0,2.0,250.0,3.0,1031.0,1,100.0,FEW,,
2015-12-27 23:50,4500.0,2.0,2.0,,1.0,1031.0,2,100.0,FEW,25000.0,SCT
2015-12-28 00:20,1200.0,2.0,1.0,120.0,1.0,1031.0,2,100.0,FEW,25000.0,SCT
2015-12-28 00:50,800.0,2.0,2.0,70.0,5.0,1031.0,2,100.0,FEW,25000.0,SCT
2015-12-28 01:20,4800.0,1.0,1.0,,1.0,1031.0,1,100.0,FEW,,
2015-12-28 01:50,4800.0,1.0,1.0,0.0,0.0,1031.0,1,100.0,FEW,,
2015-12-28 02:20,5000.0,1.0,0.0,110.0,1.0,1031.0,1,100.0,FEW,,
2015-12-28 02:50,5000.0,1.0,0.0,0.0,0.0,1031.0,1,100.0,FEW,,
2015-12-28 03:20,5000.0,0.0,-0.0,,1.0,1031.0,1,100.0,FEW,,
2015-12-28 03:50,5000.0,-0.0,-0.0,0.0,0.0,1031.0,1,100.0,FEW,,
2015-12-28 04:20,6000.0,-0.0,-0.0,,2.0,1030.0,1,100.0,FEW,,
2015-12-28 04:50,5000.0,0.0,-0.0,,2.0,1030.0,1,100.0,FEW,,
2015-12-28 05:20,6000.0,1.0,0.0,40.0,3.0,1030.0,1,100.0,FEW,,
2015-12-28 05:50,7000.0,1.0,1.0,90.0,3.0,1030.0,1,100.0,FEW,,
2015-12-28 06:20,6000.0,1.0,1.0,80.0,3.0,1030.0,1,100.0,FEW,,
2015-12-28 06:50,7000.0,0.0,0.0,90.0,5.0,1030.0,2,100.0,FEW,30000.0,SCT
2015-12-28 07:20,8000.0,1.0,1.0,50.0,3.0,1030.0,2,100.0,FEW,30000.0,SCT
2015-12-28 07:50,9000.0,0.0,0.0,80.0,4.0,1030.0,2,100.0,FEW,30000.0,BKN
2015-12-28 08:20,10000.0,1.0,1.0,60.0,5.0,1030.0,2,100.0,FEW,30000.0,BKN
2015-12-28 08:50,10000.0,3.0,3.0,70.0,6.0,1030.0,2,200.0,FEW,30000.0,BKN
2015-12-28 09:20,10000.0,4.0,3.0,20.0,7.0,1030.0,2,200.0,FEW,30000.0,BKN
2015-12-28 09:50,10000.0,4.0,3.0,30.0,8.0,1030.0,2,200.0,FEW,30000.0,BKN
2015-12-28 10:20,10000.0,6.0,4.0,30.0,7.0,1030.0,2,200.0,FEW,30000.0,BKN
2015-12-28 10:50,10000.0,6.0,4.0,40.0,7.0,1029.0,2,500.0,FEW,30000.0,BKN
2015-12-28 11:20,10000.0,7.0,4.0,40.0,7.0,1029.0,2,1000.0,FEW,30000.0,BKN
2015-12-28 11:50,10000.0,7.0,4.0,50.0,8.0,1029.0,,,,,
2015-12-28 12:20,10000.0,7.0,4.0,20.0,7.0,1028.0,,,,,
2015-12-28 12:50,10000.0,8.0,4.0,40.0,6.0,1028.0,,,,,
2015-12-28 13:20,10000.0,8.0,4.0,20.0,7.0,1028.0,,,,,
2015-12-28 13:50,10000.0,8.0,5.0,10.0,5.0,1028.0,,,,,
2015-12-28 14:20,10000.0,8.0,5.0,20.0,7.0,1027.0,,,,,
2015-12-28 14:50,10000.0,8.0,5.0,40.0,7.0,1027.0,,,,,
2015-12-28 15:20,10000.0,7.0,4.0,20.0,7.0,1027.0,,,,,
2015-12-28 15:50,10000.0,7.0,4.0,20.0,8.0,1027.0,,,,,
2015-12-28 16:20,10000.0,7.0,4.0,20.0,9.0,1027.0,,,,,
2015-12-28 16:50,10000.0,6.0,4.0,40.0,9.0,1027.0,,,,,
2015-12-28 17:20,10000.0,6.0,3.0,50.0,12.0,1027.0,,,,,
2015-12-28 17:50,10000.0,6.0,3.0,50.0,14.0,1027.0,,,,,
2015-12-28 18:20,10000.0,6.0,4.0,50.0,13.0,1027.0,,,,,
2015-12-28 18:50,10000.0,6.0,3.0,50.0,11.0,1026.0,,,,,
2015-12-28 19:20,10000.0,5.0,3.0,60.0,13.0,1026.0,,,,,
2015-12-28 19:50,10000.0,5.0,3.0,70.0,10.0,1026.0,,,,,
2015-12-28 20:20,10000.0,5.0,3.0,70.0,12.0,1026.0,,,,,
2015-12-28 20:50,10000.0,5.0,2.0,70.0,10.0,1026.0,,,,,
2015-12-28 21:20,10000.0,5.0,3.0,70.0,9.0,1026.0,,,,,
2015-12-28 21:50,10000.0,4.0,2.0,70.0,10.0,1026.0,,,,,
2015-12-28 22:20,10000.0,4.0,2.0,70.0,6.0,1026.0,,,,,
2015-12-28 22:50,10000.0,3.0,1.0,60.0,6.0,1026.0,,,,,
2015-12-28 23:20,10000.0,2.0,1.0,30.0,4.0,1026.0,,,,,
2015-12-28 23:50,10000.0,3.0,2.0,20.0,3.0,1026.0,,,,,
2015-12-29 00:20,10000.0,3.0,2.0,80.0,4.0,1026.0,,,,,
2015-12-29 00:50,10000.0,1.0,0.0,80.0,5.0,1026.0,,,,,
2015-12-29 01:20,10000.0,1.0,0.0,,2.0,1026.0,,,,,
2015-12-29 01:50,10000.0,2.0,1.0,,2.0,1025.0,,,,,
2015-12-29 02:20,10000.0,1.0,0.0,,1.0,1025.0,,,,,
2015-12-29 02:50,10000.0,1.0,0.0,,2.0,1025.0,,,,,
2015-12-29 03:20,10000.0,0.0,-0.0,60.0,3.0,1025.0,,,,,
2015-12-29 03:50,10000.0,2.0,1.0,50.0,2.0,1025.0,,,,,
2015-12-29 04:20,10000.0,0.0,-1.0,,5.0,1025.0,,,,,
2015-12-29 04:50,10000.0,-0.0,-1.0,,2.0,1025.0,,,,,
2015-12-29 05:20,10000.0,-1.0,-2.0,200.0,3.0,1025.0,,,,,
2015-12-29 05:50,10000.0,-2.0,-2.0,160.0,4.0,1026.0,,,,,
2015-12-29 06:20,10000.0,-2.0,-2.0,,2.0,1026.0,,,,,
2015-12-29 06:50,10000.0,-2.0,-2.0,,1.0,1026.0,,,,,
2015-12-29 07:20,10000.0,-2.0,-2.0,230.0,2.0,1026.0,,,,,
2015-12-29 07:50,10000.0,-2.0,-2.0,,1.0,1027.0,,,,,
2015-12-29 08:20,10000.0,-1.0,-2.0,240.0,3.0,1027.0,,,,,
2015-12-29 08:50,10000.0,0.0,-1.0,250.0,2.0,1027.0,,,,,
2015-12-29 09:20,10000.0,1.0,-0.0,,2.0,1027.0,,,,,
2015-12-29 09:50,10000.0,2.0,-0.0,250.0,3.0,1028.0,,,,,
2015-12-29 10:20,10000.0,3.0,0.0,,2.0,1028.0,,,,,
2015-12-29 10:50,10000.0,4.0,0.0,,2.0,1028.0,,,,,
2015-12-29 11:20,10000.0,4.0,1.0,,2.0,1028.0,,,,,
2015-12-29 11:50,10000.0,5.0,1.0,,2.0,1028.0,,,,,
2015-12-29 12:20,10000.0,5.0,1.0,230.0,4.0,1028.0,,,,,
2015-12-29 12:50,10000.0,6.0,1.0,,2.0,1028.0,,,,,
2015-12-29 13:20,10000.0,6.0,1.0,90.0,3.0,1028.0,,,,,
2015-12-29 13:50,10000.0,6.0,1.0,,2.0,1028.0,,,,,
2015-12-29 14:20,10000.0,6.0,2.0,230.0,5.0,1029.0,,,,,
2015-12-29 14:50,10000.0,6.0,2.0,,2.0,1029.0,2,4000.0,FEW,30000.0,BKN
2015-12-29 15:20,10000.0,5.0,2.0,250.0,3.0,1029.0,2,3300.0,FEW,27000.0,BKN
2015-12-29 15:50,10000.0,4.0,2.0,,2.0,1030.0,1,3300.0,BKN,,
2015-12-29 16:20,10000.0,4.0,2.0,,2.0,1030.0,1,3200.0,BKN,,
2015-12-29 16:50,10000.0,5.0,2.0,,1.0,1030.0,1,2800.0,BKN,,
2015-12-29 17:20,10000.0,4.0,2.0,,1.0,1030.0,1,2900.0,BKN,,
2015-12-29 17:50,10000.0,4.0,2.0,10.0,3.0,1030.0,2,3000.0,SCT,6000.0,BKN
2015-12-29 18:20,10000.0,3.0,2.0,0.0,0.0,1031.0,2,3000.0,SCT,7000.0,BKN
2015-12-29 18:50,10000.0,3.0,2.0,230.0,3.0,1031.0,1,3000.0,BKN,,
2015-12-29 19:20,10000.0,4.0,2.0,110.0,3.0,1031.0,2,2600.0,FEW,3000.0,BKN
2015-12-29 19:50,10000.0,4.0,2.0,,2.0,1031.0,2,2400.0,FEW,2900.0,BKN
2015-12-29 20:20,10000.0,4.0,3.0,210.0,2.0,1031.0,2,2400.0,FEW,2800.0,BKN
2015-12-29 20:50,10000.0,4.0,3.0,,1.0,1031.0,2,2400.0,FEW,2600.0,BKN
2015-12-29 21:20,10000.0,4.0,3.0,100.0,3.0,1031.0,1,2200.0,BKN,,
2015-12-29 21:50,10000.0,5.0,3.0,110.0,4.0,1031.0,1,2200.0,BKN,,
2015-12-29 22:20,10000.0,5.0,3.0,80.0,4.0,1031.0,2,2200.0,BKN,5300.0,SCT
2015-12-29 22:50,10000.0,4.0,2.0,60.0,6.0,1031.0,2,2100.0,FEW,5200.0,BKN
2015-12-29 23:20,10000.0,4.0,3.0,70.0,4.0,1032.0,2,1500.0,SCT,5200.0,BKN
2015-12-29 23:50,10000.0,4.0,3.0,60.0,4.0,1032.0,1,1500.0,BKN,,
2015-12-30 00:20,10000.0,4.0,3.0,40.0,4.0,1031.0,2,1400.0,FEW,1500.0,BKN
2015-12-30 00:50,10000.0,4.0,3.0,360.0,5.0,1031.0,1,1500.0,BKN,,
2015-12-30 01:20,10000.0,5.0,3.0,40.0,6.0,1031.0,2,1200.0,FEW,1300.0,BKN
2015-12-30 01:50,10000.0,5.0,3.0,70.0,5.0,1031.0,1,1300.0,BKN,,
2015-12-30 02:20,10000.0,5.0,3.0,,2.0,1031.0,1,1400.0,BKN,,
2015-12-30 02:50,10000.0,5.0,3.0,50.0,3.0,1031.0,1,1600.0,OVC,,
2015-12-30 03:20,10000.0,5.0,3.0,30.0,4.0,1031.0,2,1100.0,FEW,1200.0,BKN
2015-12-30 03:50,10000.0,5.0,3.0,60.0,4.0,1031.0,2,1100.0,FEW,1300.0,BKN
2015-12-30 04:20,10000.0,5.0,3.0,60.0,6.0,1031.0,2,1100.0,FEW,1300.0,BKN
2015-12-30 04:50,10000.0,5.0,3.0,60.0,4.0,1031.0,2,1100.0,SCT,1200.0,BKN
2015-12-30 05:20,10000.0,5.0,3.0,60.0,5.0,1031.0,2,1000.0,BKN,1700.0,BKN
2015-12-30 05:50,10000.0,5.0,3.0,60.0,6.0,1030.0,2,1000.0,BKN,2500.0,BKN
2015-12-30 06:20,10000.0,5.0,3.0,60.0,8.0,1030.0,2,900.0,FEW,2700.0,BKN
2015-12-30 06:50,10000.0,5.0,3.0,50.0,7.0,1030.0,3,900.0,FEW,3200.0,BKN
2015-12-30 07:20,10000.0,5.0,2.0,10.0,5.0,1030.0,2,900.0,FEW,2700.0,BKN
2015-12-30 07:50,10000.0,5.0,3.0,30.0,5.0,1030.0,2,900.0,FEW,2600.0,BKN
2015-12-30 08:20,10000.0,6.0,3.0,70.0,7.0,1030.0,2,900.0,FEW,2500.0,BKN
2015-12-30 08:50,10000.0,5.0,2.0,70.0,7.0,1030.0,2,1000.0,FEW,2500.0,BKN
2015-12-30 09:20,10000.0,6.0,3.0,80.0,6.0,1029.0,3,1000.0,FEW,2800.0,BKN
2015-12-30 09:50,10000.0,6.0,3.0,90.0,8.0,1029.0,3,1200.0,FEW,2800.0,BKN
2015-12-30 10:20,10000.0,6.0,3.0,100.0,11.0,1029.0,2,1300.0,FEW,2400.0,BKN
2015-12-30 10:50,10000.0,6.0,3.0,100.0,12.0,1029.0,2,1400.0,SCT,2300.0,BKN
2015-12-30 11:20,10000.0,6.0,3.0,90.0,13.0,1028.0,2,1500.0,BKN,2200.0,BKN
2015-12-30 11:50,10000.0,6.0,3.0,90.0,10.0,1028.0,2,1500.0,SCT,2000.0,BKN
2015-12-30 12:20,10000.0,6.0,3.0,90.0,14.0,1027.0,2,1500.0,SCT,2000.0,BKN
2015-12-30 12:50,10000.0,6.0,2.0,100.0,13.0,1027.0,2,1500.0,FEW,1900.0,BKN
2015-12-30 13:20,10000.0,6.0,2.0,100.0,13.0,1026.0,2,1500.0,FEW,1900.0,BKN
2015-12-30 13:50,10000.0,6.0,2.0,100.0,13.0,1026.0,2,1500.0,FEW,1800.0,BKN
2015-12-30 14:20,10000.0,6.0,2.0,100.0,10.0,1026.0,2,1500.0,FEW,1800.0,BKN
2015-12-30 14:50,10000.0,6.0,2.0,100.0,11.0,1026.0,2,1500.0,FEW,1900.0,BKN
2015-12-30 15:20,10000.0,6.0,2.0,100.0,8.0,1026.0,2,1500.0,FEW,1900.0,BKN
2015-12-30 15:50,10000.0,6.0,1.0,110.0,8.0,1026.0,1,1900.0,OVC,,
2015-12-30 16:20,10000.0,6.0,1.0,120.0,10.0,1025.0,1,1900.0,OVC,,
2015-12-30 16:50,10000.0,5.0,1.0,110.0,11.0,1025.0,1,2000.0,OVC,,
2015-12-30 17:20,10000.0,5.0,1.0,120.0,8.0,1025.0,1,2000.0,OVC,,
2015-12-30 17:50,10000.0,5.0,1.0,120.0,6.0,1025.0,1,2000.0,OVC,,
2015-12-30 18:20,10000.0,5.0,1.0,110.0,5.0,1025.0,1,2000.0,OVC,,
2015-12-30 18:50,10000.0,5.0,1.0,120.0,5.0,1024.0,1,1800.0,OVC,,
2015-12-30 19:20,10000.0,5.0,1.0,110.0,5.0,1023.0,1,1800.0,OVC,,
2015-12-30 19:50,10000.0,5.0,2.0,80.0,6.0,1023.0,1,1900.0,BKN,,
2015-12-30 20:20,10000.0,6.0,2.0,70.0,4.0,1023.0,1,2000.0,BKN,,
2015-12-30 20:50,10000.0,6.0,2.0,90.0,5.0,1022.0,1,2000.0,BKN,,
2015-12-30 21:20,10000.0,5.0,2.0,100.0,5.0,1022.0,1,2000.0,SCT,,
2015-12-30 21:50,10000.0,4.0,2.0,80.0,6.0,1022.0,1,2000.0,FEW,,
2015-12-30 22:20,10000.0,4.0,1.0,80.0,5.0,1022.0,1,2000.0,FEW,,
2015-12-30 22:50,10000.0,2.0,0.0,80.0,5.0,1021.0,,,,,
2015-12-30 23:20,10000.0,2.0,-0.0,80.0,5.0,1021.0,,,,,
2015-12-30 23:50,10000.0,2.0,0.0,80.0,4.0,1021.0,,,,,
2015-12-31 00:20,10000.0,1.0,-0.0,60.0,6.0,1021.0,,,,,
2015-12-31 00:50,10000.0,1.0,-1.0,70.0,6.0,1020.0,,,,,
2015-12-31 01:20,10000.0,1.0,-1.0,70.0,5.0,1021.0,,,,,
2015-12-31 01:50,10000.0,0.0,-1.0,90.0,5.0,1020.0,,,,,
2015-12-31 02:20,10000.0,0.0,-1.0,120.0,5.0,1020.0,,,,,
2015-12-31 02:50,10000.0,1.0,0.0,140.0,7.0,1020.0,,,,,
2015-12-31 03:20,10000.0,1.0,-0.0,,2.0,1021.0,,,,,
2015-12-31 03:50,10000.0,1.0,0.0,60.0,2.0,1021.0,2,3800.0,FEW,14000.0,BKN
2015-12-31 04:20,10000.0,1.0,1.0,,1.0,1021.0,2,3300.0,SCT,14000.0,BKN
2015-12-31 04:50,10000.0,2.0,1.0,60.0,1.0,1021.0,2,3100.0,BKN,12000.0,OVC
2015-12-31 05:20,10000.0,2.0,1.0,,2.0,1021.0,2,3100.0,BKN,10000.0,OVC
2015-12-31 05:50,9000.0,2.0,1.0,180.0,3.0,1021.0,3,1400.0,FEW,9000.0,OVC
2015-12-31 06:20,9000.0,2.0,1.0,200.0,2.0,1021.0,3,1000.0,FEW,8000.0,OVC
2015-12-31 06:50,7000.0,2.0,2.0,150.0,2.0,1022.0,3,1000.0,FEW,8000.0,OVC
2015-12-31 07:20,6000.0,3.0,2.0,,2.0,1022.0,3,1000.0,FEW,8000.0,OVC
2015-12-31 07:50,7000.0,3.0,2.0,,2.0,1022.0,3,1000.0,FEW,8000.0,OVC
2015-12-31 08:20,3000.0,3.0,2.0,0.0,0.0,1023.0,3,1000.0,FEW,2100.0,BKN
2015-12-31 08:50,2800.0,3.0,2.0,,1.0,1023.0,3,600.0,FEW,2000.0,OVC
2015-12-31 09:20,3000.0,3.0,2.0,,2.0,1023.0,3,600.0,FEW,2000.0,OVC
2015-12-31 09:50,3500.0,3.0,2.0,,2.0,1023.0,3,500.0,FEW,2000.0,OVC
2015-12-31 10:20,3800.0,3.0,2.0,260.0,3.0,1023.0,3,400.0,FEW,2000.0,OVC
2015-12-31 10:50,4000.0,3.0,3.0,220.0,3.0,1024.0,2,400.0,FEW,500.0,BKN
2015-12-31 11:20,4000.0,4.0,3.0,220.0,2.0,1024.0,2,300.0,FEW,400.0,BKN
2015-12-31 11:50,4000.0,4.0,3.0,200.0,3.0,1023.0,2,300.0,FEW,400.0,BKN
2015-12-31 12:20,4000.0,4.0,3.0,230.0,3.0,1024.0,2,300.0,FEW,500.0,OVC
2015-12-31 12:50,4000.0,5.0,4.0,200.0,3.0,1024.0,1,400.0,OVC,,
2015-12-31 13:20,4000.0,5.0,4.0,190.0,4.0,1024.0,1,400.0,OVC,,
2015-12-31 13:50,4200.0,5.0,4.0,230.0,3.0,1024.0,1,400.0,BKN,,
2015-12-31 14:20,3800.0,5.0,4.0,,1.0,1024.0,1,400.0,BKN,,
2015-12-31 14:50,3500.0,5.0,4.0,,2.0,1024.0,1,300.0,BKN,,
2015-12-31 15:20,3000.0,5.0,4.0,,2.0,1025.0,2,200.0,FEW,300.0,BKN
2015-12-31 15:50,2000.0,5.0,4.0,,1.0,1025.0,1,200.0,BKN,,
2015-12-31 16:20,1000.0,5.0,4.0,,2.0,1025.0,1,100.0,BKN,,
2015-12-31 16:50,800.0,5.0,5.0,,1.0,1025.0,1,100.0,BKN,,
2015-12-31 17:20,700.0,5.0,5.0,,2.0,1025.0,1,100.0,BKN,,
2015-12-31 17:50,800.0,5.0,5.0,,1.0,1025.0,1,100.0,BKN,,
2015-12-31 18:20,400.0,5.0,5.0,,1.0,1025.0,,,,,
2015-12-31 18:50,700.0,5.0,5.0,320.0,3.0,1025.0,1,100.0,BKN,,
2015-12-31 19:20,700.0,5.0,5.0,330.0,4.0,1025.0,1,100.0,BKN,,
2015-12-31 19:50,500.0,5.0,5.0,300.0,3.0,1025.0,,,,,
2015-12-31 20:20,400.0,5.0,5.0,,2.0,1025.0,,,,,
2015-12-31 20:50,300.0,5.0,5.0,60.0,1.0,1025.0,,,,,
2015-12-31 21:20,400.0,5.0,5.0,,2.0,1025.0,,,,,
2015-12-31 21:50,700.0,5.0,5.0,20.0,2.0,1025.0,1,100.0,BKN,,
2015-12-31 22:20,700.0,5.0,5.0,360.0,1.0,1025.0,1,100.0,OVC,,
2015-12-31 22:50,400.0,5.0,5.0,,2.0,1026.0,,,,,
2015-12-31 23:20,500.0,5.0,5.0,,2.0,1026.0,,,,,
2015-12-31 23:50,500.0,5.0,5.0,240.0,3.0,1026.0,1,100.0,BKN,,
